rel,大小_冲突区,大小_目标区,字节相同?,md5_冲突区,md5_目标区
01_商业音效包/[Tonsturm]01 Breaking Glass/TONSTURM_01_Breaking_Glass_Decoded_MS_to_LR_96kHz/Int 18 Small Glass Pane Hit Hammer 02 LR.wav,4690932,4764030,False,8030c46750e639f960e12d84cfc4dab7,35bebc2550530c044a6d87a8f73bcc05
01_商业音效包/[Tonsturm]01 Breaking Glass/TONSTURM_01_Breaking_Glass_MS_192kHz/Int 32 Glass Debris Friction Crackle 02 MS.wav,10078524,10109448,False,81ae5fe03e857a95e256d442594b509c,54485e7dd45d4fb618333a24b677637f
01_商业音效包/[Tonsturm]01 Breaking Glass/TONSTURM_01_Breaking_Glass_Decoded_MS_to_LR_192kHz/Int 33 Glass Debris Friction Crackle Fine LR.wav,13573946,13592186,False,fa10d312ce5620404b0bfb0fa7793c4d,57c056dbbba5872fc8300709ed4429a5
01_商业音效包/[Tonsturm]01 Breaking Glass/TONSTURM_01_Breaking_Glass_Decoded_MS_to_LR_192kHz/Ext Glasspane Wood Framed Mirror 60x120cm 2of6 Slingshot LR.wav,25901384,25932326,False,958a2e0e6fbebdc5c682edf4fac98be1,fb0079b219dd3c6bc3e4ce959ea7ee61
01_商业音效包/Sound Morph - Matter Mayhem/08. Debris - Stone/Matter Mayhem - Pile_ Downfall on stone pile 03.wav,4301336,4338158,False,ce3b7a53431adef934d35e35ef2b330f,d37657485f910dc33d49fc73f9da5e02
01_商业音效包/Sound Morph - Matter Mayhem/08. Debris - Stone/Matter Mayhem - Tiles_Fall on Concrete-04.wav,3834280,3852586,False,8fcf73781a645db10dfaaadc7f946bf5,98f814537a3e6176baa364cf8fe860ce
01_商业音效包/Sound Morph - Matter Mayhem/08. Debris - Stone/Matter Mayhem - Cobblestones_ Little downfall on concrete 02.wav,4537436,4544736,False,7ab27494f4335c7d48d633ddfa0af902,c0666546ea40deecefc764dcac8a9c7e
01_商业音效包/Sound Morph - Matter Mayhem/14. Whoosh Objects/Matter Mayhem - Stone_Passby single-01.wav,2763638,2779024,False,bae0b678f4551777addb6f50c2f5c17d,502df34d53910c1a4493c15ace81b231
01_商业音效包/Sound Morph - Matter Mayhem/05. Blow Up - Stone Pebble Earth/Matter Mayhem - Debris _Small Blowup_Heap of Earth_Mid-05.wav,6257084,6264394,False,8f209e9f287a0d65504b399a032aa31f,11204af71d24dc2bcb5410e9b79ab615
01_商业音效包/Sound Morph - Matter Mayhem/05. Blow Up - Stone Pebble Earth/Matter Mayhem - Debris _Small Blowup_Heap of Earth_Close-04.wav,5969120,5975276,False,60ca98233b00eebccbbf11edd6295436,63ec0800dc111e0ea053999a6a3b041e
01_商业音效包/Sound Morph - Matter Mayhem/16. First Person Debris/Matter Mayhem -1st Person Dirt Debris-11.wav,4664056,4672010,False,695df45ad3f75f49e231a1c3eae4219a,3ae941fe85239e1be27b1d6736c8f965
01_商业音效包/Sound Morph - Matter Mayhem/09. Debris - Wood/Matter Mayhem - Wood_Big_Logs fall-03.wav,3759038,3774300,False,61f5a3cbe102d9718ac7a9b80d5c09e3,addaa5b5da1cc3e2be1bfe823caddae7
01_商业音效包/[WHO03]/SoftDullWhoosh WHOO3_08_5.wav,526610,567668,False,55491ac18ba64ad18bb33e4803bb4d05,11f46617de4c04d5a9621482118cb121
01_商业音效包/[WHO03]/SpiritWhoosh2 WHOO3_26_2.wav,869290,948874,False,1cf99d881fca7bb8aba79ad0f0fdbfc3,2ca2ee78a7fede007013a3b17be6508e
01_商业音效包/[WHO03]/EvilWhoosh3 WHOO3_27_3.wav,1443846,1469884,False,4691abb0451037a3c9616ce2f7cf12b7,5a4d4be8b03513269e9f681c5cc07b56
01_商业音效包/Pro Sound Effect/Period Combat/Cannon Blast Downrange Fire 01.wav,899672,957440,False,a7ce69d5050097ec68ea75de598829ad,f1716ba7a306746a78b3e8786b90d971
"01_商业音效包/Pro Sound Effect/28.Crashes,Creak,Scraping,Impacts,Fire,Еxplosions,Footsteps/87 Footsteps; Brick; Slow; Male Rubber Soles.wav",9252606,9224588,False,8f2d939e0387d82e9ae44d004cf2ed91,98ee5f14ab308a5a10961f312b8dfc97
"01_商业音效包/Pro Sound Effect/28.Crashes,Creak,Scraping,Impacts,Fire,Еxplosions,Footsteps/23 Earth Movements; Continuous Low Frequency Rumble.wav",6037628,6043944,False,c88e21a30cfaec0916a5dd60b9693baa,ff7ec88b910b81138305eb9af4ebb017
"01_商业音效包/Pro Sound Effect/28.Crashes,Creak,Scraping,Impacts,Fire,Еxplosions,Footsteps/15 Fire; Flame Whooshes Left  Right.wav",1814866,1801676,False,c0a21f7e918d6e57504bd00ceedfa639,2aff441dad42988d561b69c94e2f1a09
"01_商业音效包/Pro Sound Effect/28.Crashes,Creak,Scraping,Impacts,Fire,Еxplosions,Footsteps/35 Crashes; Debris Glass,Wood.wav",5007452,5021710,False,b9d6e32a86b98322c971ae0b5d863f32,f3b7d504f7e4eb95ccfb3db7b0c1dad5
"01_商业音效包/Pro Sound Effect/28.Crashes,Creak,Scraping,Impacts,Fire,Еxplosions,Footsteps/14 Fire; Flame Whoosh Swift.wav",2742088,2575484,False,69e21ae271aa10240e8c1f1820d7663f,3f1f3640967499b6b928c95d55b0b258
"01_商业音效包/Pro Sound Effect/28.Crashes,Creak,Scraping,Impacts,Fire,Еxplosions,Footsteps/21 Air; Air Whoosh.wav",1130416,1123654,False,a65dac2d844d4034711ee68d6677bc0d,9758c9fdf7ad7dcb1aacf2fff5b44af6
"01_商业音效包/Pro Sound Effect/28.Crashes,Creak,Scraping,Impacts,Fire,Еxplosions,Footsteps/31 Industry; Logging; Axe; Multiple Impacts; Tearing Wood.wav",3203468,3207478,False,4e04fbf93992e1ffcc50bf2e6766a8e0,34211f5a306276b92024dd66a5ff2bfc
"01_商业音效包/Pro Sound Effect/28.Crashes,Creak,Scraping,Impacts,Fire,Еxplosions,Footsteps/73 Footsteps; Wood Floor ; Slow ; Female Flats.wav",9254178,9241052,False,0fbe5d2bd240462e6431e6679d3d9937,39d272746b3c90c24d200ba41a7e2c61
"01_商业音效包/Pro Sound Effect/28.Crashes,Creak,Scraping,Impacts,Fire,Еxplosions,Footsteps/85 Footsteps; Brick; Slow; Female Flats.wav",6289092,6261068,False,c38fec4763abb204afaa55e538293327,2cdfbf385edf3d09db5ef35b94db3f0a
"01_商业音效包/Pro Sound Effect/28.Crashes,Creak,Scraping,Impacts,Fire,Еxplosions,Footsteps/30 Crashes; Furniture; Glass & Wood,Med.wav",3219932,3223942,False,3b59d0d01d26e9c87e937bb0f3a9ab01,4db53d849ea2b80d3eea273188d776d4
"01_商业音效包/Pro Sound Effect/28.Crashes,Creak,Scraping,Impacts,Fire,Еxplosions,Footsteps/17 Fire; Fireball Special Effect.wav",3763158,3737372,False,07db9249f328a4a96f2311e378cdb02f,99e60145c1d9d74c7dc81144b06b579a
"01_商业音效包/Pro Sound Effect/28.Crashes,Creak,Scraping,Impacts,Fire,Еxplosions,Footsteps/70 Hitting; Med Impact.wav",8161770,8149724,False,2580d84c7551bf9d4a37875a86c7b6c9,141d50e91b97c9ae7a285a1aa1f12c88
"01_商业音效包/Pro Sound Effect/35.Wet Movement,Bubbles,Squeak,Impact,Crash,Pops/67 Wood Impact.wav",1230140,1234198,False,13c04ccc050fae3755d66577a40cbc53,52e12afa1e681dc2b924fbbe1b97d5a6
"01_商业音效包/Pro Sound Effect/35.Wet Movement,Bubbles,Squeak,Impact,Crash,Pops/35 Ice Cracking,Small.wav",1453580,1466710,False,ce6fc2b1cf8df3c69488c5ec73ffe562,0367d15f80ab64ec1b585081d1bf7fca
01_商业音效包/Pro Sound Effect/Sound Design - Sci-Fi/Metallic Vibrations.wav,1102424,1126152,False,2b119e25bebf98b736e5ea6024165960,6cb6f02f469e19b49f9f93f7a18b2558
"01_商业音效包/Pro Sound Effect/37.Crowd,Sports Crowds,Int/10 Crowd,Huge,Cheer And Applause.wav",5675420,5681736,False,c55bc87b4d4aebb3c3ea237274bc4fac,c385f1c64609fc3d0b52f9277e527f26
"01_商业音效包/Pro Sound Effect/26.Sci Fi,Beeps,Computers,Industry,Chemistry,Lab,Hospital/92 Hospital; Stretcher Roll.wav",6298700,6318660,False,c764d2c41ef3cadf072223874ff8b7cc,b12ed3b6d4440f8dfadd6e76e3ecaa5b
01_商业音效包/Pro Sound Effect/Natural Elements/Thunder Light Rain.wav,33441368,33458382,False,bf98fd30ad195a5effee3f26b86724ea,4ea03f33c202a54cbff9cccf42a822df
01_商业音效包/Pro Sound Effect/Natural Elements/River Current Medium.wav,38800472,38849226,False,b8b0707e6b89a7e8bb7c33bbba658c26,1ec3f49ea23dfaecb28deb379652c1a3
01_商业音效包/Pro Sound Effect/1 Nature Backgrounds/17 Night Amb 3.wav,18685668,18674924,False,4fae5525942eae88058e60045a05c207,7f0a8eb234a814633db968fa45fd0446
"01_商业音效包/Pro Sound Effect/42.Recreation/11 Ride Carnival Ambience,Passenger Screams,Machinery.wav",22840478,22844786,False,9eb6fee8dede90c6e48ac0f69dfcfd46,513c716865542132afc8f8b3acd55b63
01_商业音效包/Pro Sound Effect/24.Historical Military/41 Sword ; Remove From Sheath.wav,1153828,1138412,False,6a1cdde3386dcc6fc476599f4061e13c,dbc938eaaf659cfa364185569a22b43e
01_商业音效包/Pro Sound Effect/24.Historical Military/55 Sword ; Impacting Sword ; Multiple.wav,3914608,3894956,False,e17e0b7732020ff1f893c0b91c07554c,0113ba34d37ecef805eb2677d37a0bad
01_商业音效包/Pro Sound Effect/24.Historical Military/03 Cannons ; Large Single Fire W Fuse.wav,2048442,2018060,False,8216d324f3a547c001a0b01375890816,0741b515e725fa929b2073e8f3715857
01_商业音效包/Pro Sound Effect/24.Historical Military/32 Arrow Into Body.wav,1130442,1086668,False,04d6f6d56626a72108e5add99953e4e6,f30c39e6a0d363c065b98b3c2d0ebf8e
01_商业音效包/Pro Sound Effect/24.Historical Military/39 Cut Heart Out.wav,3138982,3125852,False,aba5eb899c917056f3fbf5903fb07b11,b5da693a9a177471e069d25c8a1cfab5
01_商业音效包/Pro Sound Effect/24.Historical Military/31 Arrow Impacts (3x).wav,1063148,1085514,False,198aa8d2819ff9db2399f4cfdc6ca8fd,8be74a7920b9c7e0f3488c3e04388d03
01_商业音效包/Pro Sound Effect/24.Historical Military/19 Non Punctured Longbolt Crossbow Arrow.wav,1119772,1103132,False,bdd06508bfc61b46bce8f735378a83a8,d8fb0d19bd61f91545bf42c96f58b3a1
01_商业音效包/Pro Sound Effect/24.Historical Military/26 Bow & Arrow Pullback.wav,1084206,1064764,False,be1c661581d9cd54640712a001b9b6bd,4a72eb74a3945b69183935a7a99d430f
01_商业音效包/Pro Sound Effect/24.Historical Military/21 Punctured Longbolt Crossbow Arrow ; By.wav,1164588,1160088,False,6b0ca8a4dbfccea9d1962e66d6cef65f,02352cb9623078b785e5351095523c42
01_商业音效包/Pro Sound Effect/24.Historical Military/46 Sword ; Single Swish.wav,1105042,1089282,False,36d9d968f8b030b149956bf57e635f7a,1db73139b68c4cb39c03791ad5131a8b
01_商业音效包/Pro Sound Effect/24.Historical Military/16 Serrated Flu Flu Arrow ; By.wav,1500620,1505832,False,4b9e26382c84d75a1057054bdb353898,f611cb5ab080e7c2e52625cb1f016c71
01_商业音效包/Pro Sound Effect/24.Historical Military/15 Non Serrated Flu Flu Arrow ; By.wav,1114892,1145226,False,5aebc10e9903ce9ee1fd31239ac2f18e,5635bc8c73cb447d4abda62278c1cfda
01_商业音效包/Pro Sound Effect/24.Historical Military/78 Body Falls (3x).wav,1771258,1733468,False,d1419efb1f1a7092240dbec219efd890,04b1252c3acf4550e955dc508367bcc3
"01_商业音效包/Pro Sound Effect/38.Foley;Cloth,Nylon,Leather,Velcro,Zippers,Bag/38 Cloth,Light Movement.wav",9163860,9078764,False,492e1b390df04fe529f46fb45ccafd33,c671f91d2a243349dc087cc017ce95ec
"01_商业音效包/Pro Sound Effect/38.Foley;Cloth,Nylon,Leather,Velcro,Zippers,Bag/32 Cloth Flaps, Shaking With Whoosh.wav",1994540,2001918,False,274d7667e2f2ca81b85a6f5ca75ed6df,59bd94eec5f0535cf2144e1821385117
"01_商业音效包/Pro Sound Effect/38.Foley;Cloth,Nylon,Leather,Velcro,Zippers,Bag/23 Cloth,Heavy Rustle And Light Flapping.wav",6878886,6852760,False,4da1e6afd1be42a5cced589b1ab39746,33f00ce3748c1e2e2d9be43a5876dd08
"01_商业音效包/Pro Sound Effect/38.Foley;Cloth,Nylon,Leather,Velcro,Zippers,Bag/14 Ski Parka,Brushing With Hands.wav",1787564,1863372,False,300c2748652e94360930f980ef82f717,0be623d45d839c76ea948e8846a5376e
"01_商业音效包/Pro Sound Effect/38.Foley;Cloth,Nylon,Leather,Velcro,Zippers,Bag/28 Cloth Whoosh With Snap For Impact.wav",2034524,2046522,False,71de48fc947d5b868d6a326abbc71c9f,e68f976739e4819a7b991ad13a33935b
"01_商业音效包/Pro Sound Effect/38.Foley;Cloth,Nylon,Leather,Velcro,Zippers,Bag/49 Cloth,Canvass Jacket,On,Off.wav",10416598,10409376,False,6f88557ae0789adcbed8327e0fb593c9,5cbf35cc63971a5a3fcf129ea676ce34
"01_商业音效包/Pro Sound Effect/38.Foley;Cloth,Nylon,Leather,Velcro,Zippers,Bag/26 Cloth Whoosh With Snap For Impact.wav",2489944,2493312,False,6131565129bd63d46356ae32863802fc,71a0cbeeb03d3285bd208e225b32c1b3
"01_商业音效包/Pro Sound Effect/38.Foley;Cloth,Nylon,Leather,Velcro,Zippers,Bag/18 Bed,Pulling Back Blanket.wav",3678572,3683982,False,5db62a9e581e6dafc1744f1b57374a19,cf0f0f708917a2fe3c38eade522b1137
"01_商业音效包/Pro Sound Effect/38.Foley;Cloth,Nylon,Leather,Velcro,Zippers,Bag/02 Cloth Whoosh And Grab.wav",1204426,1175044,False,15bfe60091ba120558af47ad8c2be1d5,9ca570ab51e5d1c333b8eb8f13e9367c
"01_商业音效包/Pro Sound Effect/38.Foley;Cloth,Nylon,Leather,Velcro,Zippers,Bag/33 Cloth,Heavy,Flaps,Sheets Flapping.wav",1392428,1492126,False,8170623a17a6501afa29938c7b6aaf1c,a07bfc4a52cc817e7e68ebd168c9a08d
"01_商业音效包/Pro Sound Effect/38.Foley;Cloth,Nylon,Leather,Velcro,Zippers,Bag/04 Cloth,Grabs With,Movement.wav",2522596,2566318,False,44c47687dc2b23aeb968f67471d9988d,57280c0e91fda85fc145b9507a9d9d25
"01_商业音效包/Pro Sound Effect/38.Foley;Cloth,Nylon,Leather,Velcro,Zippers,Bag/59 Gear Pan By's Fast.wav",4332428,4342164,False,7dd842b52be45522841896be8967ef55,b99e74455ae0c328fc3f0e8d65aebc01
"01_商业音效包/Pro Sound Effect/38.Foley;Cloth,Nylon,Leather,Velcro,Zippers,Bag/64 Cloth Tears,Good Long Rips.wav",1256838,1230140,False,c7583de943107c350b3acf92075a4c9c,c04dc7e016827f0eef354bca78966e0f
"01_商业音效包/Pro Sound Effect/38.Foley;Cloth,Nylon,Leather,Velcro,Zippers,Bag/17 Nylon Jacket,Putting On,Zippers.wav",3727964,3757216,False,f72b50f3dcc1a4a3e05618a0d507975e,fe11a5e48637c68c4e13dfaee3455d23
"01_商业音效包/Pro Sound Effect/38.Foley;Cloth,Nylon,Leather,Velcro,Zippers,Bag/77 Packing Various Objects Into Canvas Duffle Bag.wav",8627180,8638072,False,1a3a1d778b528d20522bc3d3a6a8d2d3,27675229e6af80ff0bde14452cae4f6b
"01_商业音效包/Pro Sound Effect/38.Foley;Cloth,Nylon,Leather,Velcro,Zippers,Bag/39 Cloth Whoosh,Overcoat Flaps.wav",3320422,3316364,False,613a8ef89ed0bc15edf02724362bd49e,e9f604ba3fd62c6a8e5aadb7f1fdc4c8
"01_商业音效包/Pro Sound Effect/38.Foley;Cloth,Nylon,Leather,Velcro,Zippers,Bag/06 Cloth,Grabs With Heavy,Rustle.wav",1203346,1209228,False,963742413d4ddc9156c7d7922fe4c015,728957b5330a4b45d9f613cea5286606
"01_商业音效包/Pro Sound Effect/38.Foley;Cloth,Nylon,Leather,Velcro,Zippers,Bag/25 Cloth Zuzz Into Whoosh And Snap.wav",1223084,1228494,False,46fb54ce41d427d8d1329f48a1bf3a85,437b57d509e6e803345273e07a24fd50
"01_商业音效包/Pro Sound Effect/38.Foley;Cloth,Nylon,Leather,Velcro,Zippers,Bag/37 Cloth,Heavy Rustle.wav",9529944,9524554,False,db9ae42244e9bf34265a60944f12e94d,0f6bbfb69f9365c5c7a6e841995479fa
"01_商业音效包/Pro Sound Effect/38.Foley;Cloth,Nylon,Leather,Velcro,Zippers,Bag/03 Body Pats, Frisk For Guns.wav",2239148,2243158,False,1f9e22b37cbaa225c77e619e7c2395a7,465f47a6cd3b024e7b1a36b60aa5c791
"01_商业音效包/Pro Sound Effect/49.Nature Ambiences/06 Jungle,Wet Exotic Bird Calls,Light Rain On Foliage,Cricket.wav",21339902,21354460,False,804dac31904b939120768adfb9de9c5a,9305f7dc2e34c722f7b103ad767f63c3
"01_商业音效包/Pro Sound Effect/49.Nature Ambiences/12 Rural Ambience,Light Steady Breeze,Birds,Insect.wav",21184558,21163502,False,8d52d62d0da0577495bdf03eec74c66b,91ef041afe94aa958374e91e0ec52bf9
"01_商业音效包/Pro Sound Effect/49.Nature Ambiences/40 Stream,Water Runs Steady Over Rocks.wav",16060102,16047902,False,aa3a439594aa2b03b2d8b0eb3b534092,611965f8fc9a1225a3155e44f6f03670
"01_商业音效包/Pro Sound Effect/49.Nature Ambiences/34 Birds,Light Bird Chirps,Water Splashes.wav",31822654,31742798,False,e884f6a04c6d04e4a1d6e54082807243,022bb6501bc5008f9a6753e3cf31c128
"01_商业音效包/Pro Sound Effect/36.Air,Steam,Hiss,Whooshes,Industry Machines,Hand Tools/13 Whoosh,Single Fan Blade From Close Perspective.wav",1948206,1942796,False,31fe19f8862fcd82475def25d0b7e390,da276cd25da71de693aaedfcbc3b6c60
"01_商业音效包/Pro Sound Effect/36.Air,Steam,Hiss,Whooshes,Industry Machines,Hand Tools/02 Whooshes,Medium Speed Air Punch.wav",4122274,4113692,False,42ab52f80d81993a510b8b62b7992384,18f4870e4b7574bee153d8b0f46df3b1
"01_商业音效包/Pro Sound Effect/36.Air,Steam,Hiss,Whooshes,Industry Machines,Hand Tools/11 Swishes,Comical Multiple.wav",2159180,2172310,False,bbc949a1ceac4926885903fb56489459,2c59bc9e0c4726df5cf0e6a642f259f8
"01_商业音效包/Pro Sound Effect/11 Crashes,Impacts & Swishes/37 Wood, Single Piece Falls Onto Hard Surface.wav",1063148,1090008,False,08702e0f88e5890d00208d7c149c5c6b,0ae6a3d544bca5777dee5d649936be1e
"01_商业音效包/Pro Sound Effect/11 Crashes,Impacts & Swishes/35 Wood Crash, Large.wav",1063148,1077432,False,6a3e66dcbd6ad3df0ea71b0bc47b80df,70dd4ca9903b2652b5e4637310c306aa
"01_商业音效包/Pro Sound Effect/11 Crashes,Impacts & Swishes/04 Crash [special Mix] 04-Metal Impact With Scrapes And Sque.wav",1063148,1076278,False,7fe222111b1355f04b6c2403145ca804,48da8a90b79a4f23a4f2ae79d9610a01
"01_商业音效包/Pro Sound Effect/11 Crashes,Impacts & Swishes/11 Crash [special Mix] 11-Medium Perspective Skid, Impact An.wav",1063148,1067158,False,c0c11822ab00372a1b35fc1bbbf44e10,80f161fc816734b77e7a3a12dd17b504
"01_商业音效包/Pro Sound Effect/11 Crashes,Impacts & Swishes/14 Crash [special Mix] 14-Huge Impact With Long Metal Scrape.wav",1544614,1540604,False,7af0dd8a82df8cbef8c0fb87bc07f4fe,3fec5388e11dec0d067582f210fa85dc
"01_商业音效包/Pro Sound Effect/18 Doors,Squeaks,Creaks/04 Wood Door 4.wav",1319616,1305404,False,d157eb4ca6723809bce40a5ea6bab375,c7f09abe4e22471301151375bce2a434
"01_商业音效包/Pro Sound Effect/18 Doors,Squeaks,Creaks/16 Half Glass-Wood Door 5.wav",1625276,1629286,False,c4e757b9c97a01d9afa9188a6075ccab,a0bdab4e6a88c922f11940b47db2e6fa
01_商业音效包/Pro Sound Effect/44.Scrapes & Scratches/50 Ice Skate Movement Cu With Leather Creaks.wav,1752446,1756802,False,3251578e8f8825f75a43e4ab2e4eb278,97f267032946fb68829704bbf6d5ac60
"01_商业音效包/Pro Sound Effect/44.Scrapes & Scratches/11 Wood Scrape,Door.wav",705806,710114,False,dee8725feb1cee798797cbdc065c50e4,f1f72098ba5f22591e2feb17747ba13a
"01_商业音效包/Pro Sound Effect/44.Scrapes & Scratches/61 Metal Rolling,Heavy,Can Or Bin.wav",19154894,19170680,False,1ad59247f69fd64b2a8001cabf5ac890,4dd9da97fb081a0c6399c8e597c8bcee
"01_商业音效包/Pro Sound Effect/14 Crowds,Kids,Babies,Heartbeats/29 Medium Crowd Of Adults Yell, Shout, Scream And Laugh.wav",3236396,3246108,False,09ae96696eadffd96bdf4a39a1a3fefe,bc7c8d90ffe32b01c72a01b4da3dbee8
"01_商业音效包/Pro Sound Effect/14 Crowds,Kids,Babies,Heartbeats/66 Heart Beat, Slow.wav",32135420,32166568,False,d732b0c900cd0443f38e1bf36a84fedc,be261de51792096df8fef1691ec7653a
01_商业音效包/Pro Sound Effect/31.Water/63 Body Fall Into Water.wav,1150172,1179466,False,9eca20f4f2f706c05c5cfe9175f0ed1c,c775b2a9672a00a444b6d9d355c58da0
01_商业音效包/Pro Sound Effect/31.Water/06 Submarine Submerging.wav,1832252,1837662,False,942ae2b1e5ffceba129c4df83aa25d23,00c571eec54580833d1c1b3657b84e50
01_商业音效包/Pro Sound Effect/31.Water/64 Water Being Poured Our Of A Big Bottle.wav,7993506,7980380,False,22fd4c06d5bd550927a480320cc9d542,90f47f5f47971b00238978c253136e6b
01_商业音效包/Pro Sound Effect/31.Water/12 Underwater Bubbles By.wav,3193324,3187004,False,1255cd6a979782293441728019e325bf,19e8b0c90bf8e9ff774bdedd548c7011
01_商业音效包/Pro Sound Effect/31.Water/05 Underwater Exhale Bubbles.wav,2535474,2451534,False,5a9ded0893b384b1142c743078234252,d9d7caafd6b921d8ad8751b82742112d
01_商业音效包/Pro Sound Effect/31.Water/55 Medium Heavy Water Movement.wav,2683676,2689086,False,33227ffada2019ea56ee095e8acb20dc,05e3f7b4ff73b7f714d9f20fc87a6d2c
"01_商业音效包/Pro Sound Effect/20 Electronic,Sci-Fi/43 Synth Tone _ Eerie, Slow, Fluctuating.wav",5536652,5550718,False,ed3e32cb98a2ba39f926200b0d6e5449,44de7304826aa4dd9fb2fc0d846a7741
"01_商业音效包/Pro Sound Effect/20 Electronic,Sci-Fi/82 Oscillating Tones & Bells.wav",5865054,5854172,False,b6c74f875a57c7ad10abc27700e4f3a9,01a1c0577908cf4ab12652cb7d92e197
01_商业音效包/Pro Sound Effect/33.Doors/54 Wooden Door Creaks And Stress.wav,1779346,1761692,False,3d178f8752f8457222d16db7e760f510,a9bdaca92ccb58cb9edf72516c61770e
"01_商业音效包/Pro Sound Effect/33.Doors/22 Wood,Creaks,Close With Latch.wav",1853880,1848716,False,1d5325d5be583628848e1e5bb0d93ee7,cc5ff065fb8405445d94fdd26b844dd0
"01_商业音效包/Pro Sound Effect/33.Doors/21 Wood,Latch,Open With Squeak.wav",1250104,1230140,False,5d005c3fcc39f13cbc1e0adc9cf804aa,0930739ad729e18c49dda69a17ba191f
"01_商业音效包/Pro Sound Effect/33.Doors/72 Wood,Burst Open.wav",1281884,1285942,False,50a4321d1101e33046244898ed8417d9,c9569728dd43c1f9a05fc54bea7a28ea
"01_商业音效包/Pro Sound Effect/33.Doors/41 Glass And Wood,OC With Keys.wav",3528044,3549258,False,9eace2d3696b7a4845bf295f2fac39a9,dcf9783d2961d5990fc4ccb221670e97
"01_商业音效包/Pro Sound Effect/33.Doors/01 Metal,Close With Rattle.wav",1285144,1223084,False,e7c3587f3b67835240229c1ccefe9eca,f33386dfd2ce1d6909e557f2b023737b
"01_商业音效包/Pro Sound Effect/33.Doors/33 Wood,Creaks With Heavy Close.wav",1178718,1171340,False,ff840e80cdac68dba2f1eabe1027de84,d1cd717b89e5e92c4710d8f995b65592
"01_商业音效包/Pro Sound Effect/33.Doors/10 Wood,OC,Metal Squeaks.wav",2424262,2420252,False,c679e4c26c1fcc65468dcfea1a2dc2a8,a89bebccf769d87d6f99442f9f881e6c
01_商业音效包/Pro Sound Effect/2 Birds & Animals/56 Four Horses Gallop On Dirt.wav,5067820,5156296,False,8bd5537984ca8e1bc4a45d1cbbb763b0,9f5000a13f4341a83714f7618e9d3cfc
01_商业音效包/Pro Sound Effect/39.Human;Body Sounds/36 Drinking.wav,2433670,2429660,False,6dc24b481eba03702dfb70b6a0385c66,2fe9fff47eea5dbb88afca2059df9bbe
01_商业音效包/Pro Sound Effect/39.Human;Body Sounds/82 Pencil Writing.wav,1707596,1721808,False,f6da972133740405d656456c92a77402,27cb329721843425d9e619a11af682d3
"01_商业音效包/Pro Sound Effect/9 Guns,Ricochets,Explosions,Fireworks/79 Explosion-Large, Sharp, Boomy Crack With Fall Debris, 2.wav",1677020,1681078,False,f592a7d714b32a321cd9f1648cff1905,381af0e6a656003f425827b2fee32fc6
"01_商业音效包/Pro Sound Effect/12 Sports & Boats/58 Ski Steady #5_ With Maneuvers, Movement And Stop.wav",5553116,5565162,False,b231e751aecde40b42fc0211cb2fb51e,4e55940ff8989f6b4406be2e3eeb25a2
01_商业音效包/Pro Sound Effect/12 Sports & Boats/19 Wooden Bat Drops Onto Dirt Surface #5.wav,1063148,1079718,False,4ae671424f81439bff6c33f2c4c77819,6b1925021960471c88d41d9848cf44df
01_商业音效包/Pro Sound Effect/12 Sports & Boats/18 Wooden Bat Drops Onto Dirt Surface #4.wav,1063148,1098096,False,3b3366be5b876acdea4a6122f99f033a,119ca77d2b625ea11d0d82681b836eec
01_商业音效包/Pro Sound Effect/12 Sports & Boats/15 Wooden Bat Drops Onto Dirt Surface #1.wav,1063148,1092372,False,6fd6615c1c155f4cd28de8cf16298f3e,6740391b9738977d2042dda1f6b66dbb
"01_商业音效包/Pro Sound Effect/12 Sports & Boats/29 Throw Bowling Ball, With Roll Down Alley And Into Gutter.wav",1274828,1290264,False,b2619a6f10d256c1f070a36bf6592375,b4a3deabb9785e025723ab6b60218ebc
"01_商业音效包/Pro Sound Effect/40.Pistol,Machine Gun,Bullet,Grenade/42 Bullet Hits Body With Wet Impact.wav",1166636,1186672,False,7436f02e2e7d10129dd781ca840e7f02,c81ebbad419fb64775373785643e68b7
"01_商业音效包/Pro Sound Effect/30.Sports/55 Hockey Stick, Board Impact ( 7x ).wav",4942512,4908668,False,f8bec2249083a8041dc769232bdd72a1,31c1cc2da07d5b5cb9f2f2f582030e9a
"01_商业音效包/Pro Sound Effect/30.Sports/56 Hockey Body, Board Impact ( 4x ).wav",3222284,3261850,False,7164650275ed2b3547eb3f4999b9b547,5bc18dea722d5a6645b7ba9f7261c102
01_商业音效包/Pro Sound Effect/30.Sports/01 Baseball Bat Whooshes ( 3x ).wav,1109212,1093724,False,21b02f70241f57727408f1781d176804,4e3fa49c45d70763aa3e109c9e864312
01_商业音效包/Pro Sound Effect/10 Body Sounds/30 Double Sword Scrape 1.wav,1068360,1063148,False,ea26f971754c373833d7946ad6a99ef1,5cd29cb3ef7cb3d920a7cba26dedda84
"01_商业音效包/Pro Sound Effect/10 Body Sounds/04 Punch, Face Hit 4-Sharp Impact.wav",1067206,1063148,False,a32b880d54c17dbf645dd27ead894a1d,ab9f3e400569a54df00cf157a26e83dc
"01_商业音效包/Pro Sound Effect/10 Body Sounds/74 Body Falls Onto Wooden Floor 5, With Flop.wav",1085418,1067158,False,b0641fef2283f154f8b0ca68db248d59,f36ec7d448d10e11007ebedabe9e674a
01_商业音效包/Pro Sound Effect/10 Body Sounds/61 Body Falls Off From Chair.wav,1063148,1067158,False,12b86f616e2412adace1bb9215608e1f,bba1ea0071e50bee01e0152b4a11c239
01_商业音效包/Pro Sound Effect/10 Body Sounds/19 Sword Or Bayonet Juicy Stab 3-With Short Gush Impact.wav,1093482,1063148,False,479efe80a1fceeb649ae4073a01a89c3,28f48091652bb5f25d2a904854e77944
"01_商业音效包/Pro Sound Effect/10 Body Sounds/73 Body Falls Onto Wooden Floor 4, With Flop.wav",1067158,1063148,False,5ebdc3118ad181a3d98354ec0c7d414f,cf31dadc82e0890ccc8160b4c8db7a88
01_商业音效包/Pro Sound Effect/10 Body Sounds/28 Single Sword Hit 4-Same Pitch As Fx 27 With Ring Out.wav,1063148,1068360,False,eac2d365615bc1dd0398b597e8a01a30,994fa9ab32e8d89fe8febb77e222d12c
01_商业音效包/Pro Sound Effect/10 Body Sounds/63 Two Single Body Falls On Gravel.wav,1110188,1126780,False,5360b38182bb966569b101b96a9041cf,8cc4e7e33cc68dc40370590224d7b789
01_商业音效包/Pro Sound Effect/10 Body Sounds/25 Single Sword Hit 1-With Slight Ring Out.wav,1094634,1063148,False,155b5bac1f932643fb40742f7117a021,009618339784d00af4979422548be2ee
"01_商业音效包/Pro Sound Effect/10 Body Sounds/13 Kick, Body Hit 1-With Sharp Thud.wav",1063148,1067206,False,28d26647f6309b345a5e144233d90b88,1ea9cfaf00b299155b7703f5390864ab
01_商业音效包/Pro Sound Effect/3 Wind/17 Heavy Wind Gusts On Leaves.wav,6818492,6822550,False,3d598040b5b72784abef922c915bc15a,8d17951e88c060f7c2307254379586e2
01_商业音效包/Pro Sound Effect/3 Wind/24 Heavy Gusts Blowing Sand.wav,10914940,10908620,False,47b6c858dabd92e1ce665747e8147c1c,257a2c70ac2dbd72ff784248c682e108
"01_商业音效包/Pro Sound Effect/3 Wind/05 Light Wind _5 Thru Trees, Leafs.wav",21042340,21024572,False,8d282dd2ea922dea5a5d640c08872ae7,6d52b8193a10e1c5eebd355072e22778
01_商业音效包/Pro Sound Effect/3 Wind/23 Heavy Gusts Whip Sand And Grass.wav,5372386,5327324,False,8027fcd0cd64ed4b43ba350a940e7c46,59ef2c6cae730e2827c177cb39b8f871
01_商业音效包/Pro Sound Effect/3 Wind/01 Light Wind _1 Wispy.wav,22593378,22572188,False,796f5d291c6d7467923b0811b02f8944,7a2f6b6ffc71f037604c915bf90b246c
"01_商业音效包/Pro Sound Effect/3 Wind/04 Light Wind _4 Cold, Birds.wav",23888662,23921722,False,25c05258d0232b5c6dd1b7542d20756c,7b71c06bf2cc0c2b4a401471cd79fa32
"01_商业音效包/Pro Sound Effect/43.SciFi,Eerie,Horror/21 Sub Rumble,Heavy.wav",7686542,7736416,False,142fb7e66d66503ab1b59eabde46bc80,8394a8019069a26f41c212b23480a9e5
"01_商业音效包/Pro Sound Effect/43.SciFi,Eerie,Horror/92 Space Winds,Synthetic.wav",9662222,9667732,False,60da4ef7ac58ccfbff678c3c38f5f5a6,a61f867a0a5a062afa170bd8e013f0b0
"01_商业音效包/Pro Sound Effect/19 Beeps,Bells,Buzzers,Rumbles,Tools/49 Avalanche Rumble With Rocks Rolling And Debris.wav",20521244,20610940,False,a1fdbf2dd72c12161df39e3e42e655a3,ea0e0adcd36fb05e57e803f6877e37ac
"01_商业音效包/Pro Sound Effect/19 Beeps,Bells,Buzzers,Rumbles,Tools/48 Very Low Frequency, Ominous, Underwater Rumble.wav",25032380,25120924,False,f02084462645a8d0153ac16d07c34724,f779dbab94741e9c1a78754990d0ab26
01_商业音效包/Pro Sound Effect/Explosions - 5.1 Surround/Set 11/5.1 Explosion Set 11 - C.wav,3678294,3686032,False,45ec59b3420251590a91900ce2e568fa,d1ef5439c71331ff55b0474ec5d9c819
01_商业音效包/Pro Sound Effect/Explosions - 5.1 Surround/Set 01/5.1 Explosion Set 01 - R.wav,450390,607194,False,a02580fd0889c96c02560736f707b08f,7d00a648464d97c150009361200a0c62
01_商业音效包/Pro Sound Effect/7 Cars/65 BMW Floor Type Gear Shift Movement.wav,3158780,3181030,False,123818828a02ac31971a8b18529dd8b3,fccfc0c68dd28c49791e9fc1f3098fb6
"01_商业音效包/Pro Sound Effect/7 Cars/85 Car Window Roll Up_Down, Manual.wav",2518168,2507276,False,9990a6954e10dc945ad6344ee020dfa8,3688faa2db986864a486d7d68862cec4
01_商业音效包/Pro Sound Effect/32.Household/76 Bed Springs.wav,2000950,1996892,False,27195a5e9b63b38467a6c6bc8cf840d9,d5f2c1484aea12aace8584c061fe9a55
"01_商业音效包/Pro Sound Effect/32.Household/85 Toilet Paper From Roll,Pulling Off.wav",2449960,2446542,False,d48719de520998d188dc36ea30b5220d,f59a9ec05ace8759cf5f1b6a15b113c6
01_商业音效包/Pro Sound Effect/4 Water/48 Drips_ Water_ From Wringing Out Wet Cloth.wav,2255612,2270932,False,c1188c3a4e1fc6fca740919c28396dc5,fa0efc146d9d02fce3e31a08f82dd33b
01_商业音效包/Pro Sound Effect/4 Water/43 Waterfall_ Medium 2 Very Rapid Fine Mist Roar.wav,34959526,34955468,False,17544394dfdf3cfbff1f94faa4274b3f,7874f4a77793365b50c4e90b9863ef1f
01_商业音效包/Pro Sound Effect/4 Water/30 River_ Small 1 Medium-fast_ Babbling And Smooth Running.wav,40594870,40590860,False,94f72379e6b04bfde7cbadcf978886d5,f40c82e2d3a41446a2f3e7b51dbd5f9e
"01_商业音效包/Pro Sound Effect/13 Humans Coughs,Laughs,Grunts,Screams,Moans,Farts/66 Bites.wav",2717922,2678972,False,3e8af9a8f06236a0889b9864548d9205,25c937e4cf334356fce11067a302c4a1
"01_商业音效包/Pro Sound Effect/46.Rain,Wind/38 Rural Ambience,Light To Medium Wind.wav",21364808,21339902,False,d1f304eba17bfb9ab1507d05f35210ea,a56a204994015351d92fd54d0fd8b9fe
"01_商业音效包/Pro Sound Effect/46.Rain,Wind/40 Wind,Heavy Howl Or Moan In Cane Or Corn Fields.wav",22113314,22109006,False,c3b75d0a5cb188ea0dc98619e87267ef,3aafe5a95a90b84bad42540b1e4c459e
"01_商业音效包/Pro Sound Effect/34.Airplane,Helicopter,Train,Boat,Car,Motorcycle/46 Boat,Bell Rings From Onboard.wav",2664690,2643692,False,08c24b9ddc6990424df12c2f83491463,6e625f0dd1a2e45f4e692503c86283e3
"01_商业音效包/Pro Sound Effect/48.Room Tone,Ambience,Industry/06 Room Tone,Dead Air,Very Quiet.wav",13500686,13505042,False,09c20eebcee6159e20b0016f04f9ec71,49d446dec95df8abf345d47c071e1030
"01_商业音效包/Pro Sound Effect/50.Designed Sounds/22 Skiing On Snow Steady With Maneuvers,Wind Whistle.wav",4997534,5018300,False,ec33516747ce6fc85bfa5ca1bafe99de,a5683686fdcff94c00082a6192ad49a4
"01_商业音效包/Pro Sound Effect/50.Designed Sounds/50 Sword Fight,Male Crowd Reaction,Yelling.wav",3549374,3563956,False,b39db487cf176b3714c0b9ffffde91e4,7bd7a7b24389840be94e26547c43a3c8
01_商业音效包/Pro Sound Effect/Hits & Tones/Kodo Drum Hits 01.wav,812120,842606,False,ba00e385558721a4fb5fc7651e5e2b57,e686e5d68189d19ce429ef70e77c2ec0
01_商业音效包/Pro Sound Effect/Hits & Tones/Deep Bass Swell 01.wav,1600088,1662558,False,0e69ee39f3ba20acee52c2b79917e7c2,2a508b5d677396aa5a6877665f163e2c
01_商业音效包/Pro Sound Effect/Hits & Tones/Bowed Vibe 03.wav,885848,1015686,False,1ddc80a993c28711c3e62bf0e4ba888c,952f34c6a2f09e6b2a87dc8ab2143bbf
01_商业音效包/[WHO05]/SpiritHiss4 WHO05_36_5.wav,957524,1033714,False,3dd18f3a774a0b2ef983be8742e470b8,104829785ab8ff400403b10a892d7ef3
01_商业音效包/[WHO05]/SpiritHiss3 WHO05_36_4.wav,651776,698646,False,045e1cf87a6aa4025c4921508d564208,84b4973a059e6c10e2c2a08f629d4c14
01_商业音效包/[WHO05]/EvilHissingGrowl WHO05_39_6.wav,905538,881612,False,2bc0e0a6e68b92b4eae0ca55f54e0ea0,64a8a1dbe96b23a41f043e2e77b303d3
01_商业音效包/[WHO05]/ScreechyMoan WHO05_37_4.wav,1037554,1078706,False,e66aee64ae28461f78f5f6d622c97ff4,bb89e964487bc23980b4a58ae60c1c79
01_商业音效包/[WHO05]/SpaceVacuumSweep WHO05_73_2.wav,1088866,1149082,False,57cdf8f5a767e81241841748f18d11e9,00a05499dca2b73f3ce77e5af8656305
01_商业音效包/[WHO05]/ColdDarkWind WHO05_31_7.wav,2065608,2195974,False,5d58c193d9ef3c6172d7cfe5c694caa5,8addcaeb509e7f7764daaf74dbc9b930
01_商业音效包/[Blastwave.FX]Collection/[Blastwave.FX]Buzzsaw 2/Buzzsaw2/Whooshes/WhooshReverse_BS2.1620.wav,801102,820144,False,5bbca2d4a902fc15752d9ffc290cc2ad,12ec786fa9f4dfc62f044484390410d8
01_商业音效包/[Blastwave.FX]Collection/[Blastwave.FX]Imaging Elements 5.1 Library Stereo Mixdowns/DRON_SSFX_ MUSICAL_DR01.72.wav,17671472,17805720,False,c6fe5090d23e00cd64b05fae34916dd1,2918d4c04cf704f17fd8d19b9d22c087
01_商业音效包/[Blastwave.FX]Collection/[Blastwave.FX]Imaging Elements 5.1 Library Stereo Mixdowns/DRON_SSFX_ MUSICAL_DR01.71.wav,17671544,17689364,False,3f551f788dc6fa05d3f5d4705a37bf57,2d56798607a8201b695b5aecf8db5d87
01_商业音效包/[Blastwave.FX]Collection/[Blastwave.FX]Revolver 5.1 Production Elements/DVD_1/SOUNDFX_MP3/PREL_SSFX_Metallic_BW01.257.mp3,314263,323451,False,d281c40a7b826fcc231b07a25b8ac7f0,f6edea1285911039953c76e1117d03c0
01_商业音效包/[Blastwave.FX]Collection/[Blastwave.FX]Revolver 5.1 Production Elements/DVD_1/SOUNDFX_MP3/PREL_SSFX_Whoosh_BW01.300.mp3,178825,185234,False,b5c0fefeb4dbb7f60b16e5da3659448d,7c674031fae92f74742d83637944683d
01_商业音效包/[WHOBonus]/RaspyExhale_Bonus 86.wav,2096398,2185570,False,4d4c5bd562bb54fdaf878d800479f2dd,3df928431f764e18eef6f81af70342ec
03_项目素材/预告/Sound Morph - Sinematic/6. Risers/Sinematic - Risers_05.wav,20179176,20284694,False,3970564fb87a1b96c599e420d812c0e3,af2f2e4f38f7faa89454e174e4530eab
03_项目素材/预告/Sound Morph - Sinematic/18. Source Recordings Whoosh/Sinematic - Source Recordings - Whoosh Bys - z Highway Pass_07.wav,0,1959448,False,d41d8cd98f00b204e9800998ecf8427e,6f57512902fdd92e466e7f7ece22a7ab
03_项目素材/LTT_V30All/SP 15 Quick Whoosh A.wav,5467452,5573360,False,00aa228a25b4b030d1f9594053f77dbc,56d2d425907695541e010934c2bb2b9b
03_项目素材/LTT_V30All/Smash_HugeRockImpact4.wav,167400,167400,False,dc817dd88a121d336c5b782f8b82f19b,ceb40b12f69c05a7f04e879ec0a3db41
03_项目素材/LTT_V30All/转场_4 - swoosh - long.wav,705718,717924,False,2153cd07ae11083ab10ec0eabe32dc45,14221fad799e51dadcaee7c29971ec65
03_项目素材/LTT_V30All/Volcano_Lava_Erupt1.wav,538914,546872,False,eaf04dbb8e613611a9fd2c0da33e0fe5,bf663ce42b8f1f475c0a107f244481ea
03_项目素材/LTT_V30All/ApeMonster_BreathAttack1.wav,136300,130612,False,ad8959a9bfb6f88b0d3474c58940ca14,3b7967cdcd61e8f1aeadc4b32af0fb03
03_项目素材/LTT_V30All/01290 狼嚎4(01290 wolf howl 4)_爱给网_aigei_com.wav,997584,913348,False,2acbf0d1e494256e459e5925df65bdab,50bcc06ee7407c91762b5c6fc349d596
03_项目素材/LTT_V30All/ApeMonster_Roar2.wav,235380,254826,False,e81764d1874c4b740842d300c3adbac4,0479079f2e5e8b4441912be90f093bbf
03_项目素材/LTT_V30All/04. Gom Jabbar.mp3,3480053,3616877,False,e8bc4fed3add7793647b69929ddb6dcb,cd3671e1e0dad6a6512451032c845db7
03_项目素材/LTT_V30All/WC_Nature_Earthquake_Destruction_mega_CT.wav,16272044,16282936,False,c030879b69a35fb4b27a78ba6f0da887,3075c1d0de9d77fc1dadffaba2729a9b
03_项目素材/LTT_V30All/27 Knife Bow.mp3,2775488,2892083,False,de51fb3acbfe222899de61af54a7e276,77052ea3a9f3aa0cd41dadb4a93295b3
03_项目素材/LTT_V30All/Hit_Sword_Shield2.wav,36318,56906,False,056799ae85dca159f19bb4ceb10d757b,b9f0a6012c97fbbcd05d255ed7ac23e7
03_项目素材/LTT_V30All/14. Invasion Of Asgard.mp3,4329596,4466279,False,be9d90ed3a489e51c4483712069097f0,327772a478f50ad83de4b942d0b97f0e
03_项目素材/LTT_V30All/John Paesano - The Junkyard.mp3,2657834,2773073,False,92ad9b04e0f79ea2bf98998e06386cb1,dfa20f6db134748aab3b2112f221e9ca
03_项目素材/LTT_V30All/Harry Gregson-Williams - Mulan & Honghui Fight (From ＂Mulan＂／Score).mp3,3549509,3655895,False,d80267395cac92857ad3b2d329cea90e,2d733e50026bc25ef6bfb961a6fb5807
03_项目素材/LTT_V30All/SL 01 Deep Whoosh A.wav,3269504,3277414,False,27904eb4242b2e97987e9b0b727bc08d,a7b8de2ae7c9ef48d9d023587c4e2513
03_项目素材/LTT_V30All/34 Light Wind Whistling_ Brush.wav,17186108,17191224,False,14f79570bcb7d8c718ab7ab162c076e0,3cef30ab8187ad2564aaa1dbb94c75b4
03_项目素材/LTT_V30All/SP 18 Low Whoosh A.wav,7719894,7768806,False,c6ca8f8f5af37dd3b92f7d2e92002c2c,2b903e186654864c0d689899447e7266
03_项目素材/LTT_V30All/转场_7 - swoosh - normal.wav,705718,873356,False,4682ff4c68b761585125678081359e9e,8d096a253f8bc1a967146726adc20736
03_项目素材/LTT_V30All/MagicSpell_RootsGrow1.wav,202934,252986,False,cc60b25895973b879046bb05411b4031,3b660d9c0643da08b0147f074aefcae8
03_项目素材/LTT_V30All/SL 07 Whoosh Hit B.wav,5904310,5979228,False,2f45527d79a957567918c9d2ee6e885c,8bec0683c3a65566e64fab21ab4da003
03_项目素材/LTT_V30All/Bear McCreary-Rodan.mp3,12999086,13006455,False,1dc022884d5c89b69eae66132c4e9b66,7aebda06874e402a920954f408715be1
03_项目素材/LTT_V30All/07 Breathing Pattern.mp3,709568,740189,False,aea54174711cc0a209c2d5188fd91b42,989b220605a5ec55ab34a0cf54c07cfd
03_项目素材/LTT_V30All/02 Trailer Hit A.wav,4647548,4695924,False,1f080f9f501678789067fc953bc9fe1e,57aec7a7e9f65fc1034dacc75daf8cc1
03_项目素材/LTT_V30All/94 Footsteps; Grass; Jog.wav,7260768,7254994,False,88438ba37ced37449433741cb9046097,4bdec366c206e2285b420f709f6dd25b
03_项目素材/LTT_V30All/Power_Wooshes_02.wav,3252870,3282770,False,d5295dfbcd9c9170602f1f4f27ddba2d,4b2f7e8547932ca3ec6c8b5e338e7c65
03_项目素材/LTT_V30All/Int Car Windscreen Foot Cracking 01 LR.wav,41979472,42029524,False,bc268990a192490e217880e68c92a512,64cc44a5822fd483944c3c4df9995143
03_项目素材/LTT_V30All/Foot_DeepSnow_Run08.wav,46874,73232,False,f31232707b4a2c42b32abb1602532373,98cf9a9fcfe7af48a951b83018508ca1
02_中文音效合集/音效素材1/动物/LION4.WAV,11564,40364,False,523bd4b1bfaf65e07ea72084aea5789e,6611d59227751dfb429786900cff68ad
02_中文音效合集/音效素材1/动物/LION1.WAV,11564,100028,False,dcff07722748823bb48294a5f4a0b80b,6b8483dcdc81a477c1a25ebd14fff50c
