原名(库内相对),新名(库内相对)
02_中文音效合集/百万剪辑狮的音效库/操作音效/门窗/门铃（1声2声）.wav,02_中文音效合集/百万剪辑狮的音效库/操作音效/门窗/门铃（1声／2声）.wav
02_中文音效合集/百万剪辑狮的音效库/细节音效/时间/倒计时（电子指针）.wav,02_中文音效合集/百万剪辑狮的音效库/细节音效/时间/倒计时（电子／指针）.wav
02_中文音效合集/音效素材3/3223643202473133302623043/327326304273322364320247/32732630427332236432024716-205347.mp3,02_中文音效合集/音效素材3/3223643202473133302623043/327326304273322364320247/327／326／304／273／322／364／320／24716-／205／347.mp3
02_中文音效合集/音效素材3/3223643202473133302623043/327326304273322364320247/32732630427332236432024732-205347.mp3,02_中文音效合集/音效素材3/3223643202473133302623043/327326304273322364320247/327／326／304／273／322／364／320／24732-／205／347.mp3
02_中文音效合集/音效素材3/3223643202473133302623043/327326304273322364320247/32732630427332236432024749-205347267347.wav,02_中文音效合集/音效素材3/3223643202473133302623043/327326304273322364320247/327／326／304／273／322／364／320／24749-／205／347／267／347.wav
02_中文音效合集/音效素材3/3223643202473133302623043/327326304273322364320247,02_中文音效合集/音效素材3/3223643202473133302623043/327／326／304／273／322／364／320／247
99_待整理/临时/盾牌 剑击 2.mp3,99_待整理/临时/盾牌／剑击 2.mp3
99_待整理/临时/盾牌 剑击.mp3,99_待整理/临时/盾牌／剑击.mp3
02_中文音效合集/音效素材3/3223643202473133302623043,02_中文音效合集/音效素材3/322／364／320／247／313／330／262／3043
