原相对路径(库根),垃圾件内相对路径,类别,大小
01_商业音效包/Multiply Sound Film Score Bundle/悟空资源 宿主插件音色采样.url,01_商业音效包/Multiply Sound Film Score Bundle/悟空资源 宿主插件音色采样.url,广告快捷方式,124
01_商业音效包/Pro Sound Effect/US04/人人素材网说明文件.rar,01_商业音效包/Pro Sound Effect/US04/人人素材网说明文件.rar,广告包,30636
01_商业音效包/Pro Sound Effect/US04/最专业的CG素材与教程分享网站.url,01_商业音效包/Pro Sound Effect/US04/最专业的CG素材与教程分享网站.url,广告快捷方式,228
01_商业音效包/Pro Sound Effect/Sound Design - Sci-Fi/变形金刚科幻震撼音效/人人素材网.rar,01_商业音效包/Pro Sound Effect/Sound Design - Sci-Fi/变形金刚科幻震撼音效/人人素材网.rar,广告包,30121
01_商业音效包/[Sound.Ideas]Thunder Sound Effects/Thumbs.db,01_商业音效包/[Sound.Ideas]Thunder Sound Effects/Thumbs.db,Thumbs.db,16384
01_商业音效包/Rock The Speakerbox - Broken/Designed/AJ音乐大合集-AE模板常用配乐.url,01_商业音效包/Rock The Speakerbox - Broken/Designed/AJ音乐大合集-AE模板常用配乐.url,广告快捷方式,335
01_商业音效包/Rock The Speakerbox - Broken/LookAE.com/LookAE官网淘宝店.url,01_商业音效包/Rock The Speakerbox - Broken/LookAE.com/LookAE官网淘宝店.url,广告快捷方式,52
01_商业音效包/Rock The Speakerbox - Broken/LookAE.com/FCPX资源站  专注 Final Cut Pro X.url,01_商业音效包/Rock The Speakerbox - Broken/LookAE.com/FCPX资源站  专注 Final Cut Pro X.url,广告快捷方式,152
01_商业音效包/Rock The Speakerbox - Broken/LookAE.com/LookAE.com  大众脸影视后期特效.url,01_商业音效包/Rock The Speakerbox - Broken/LookAE.com/LookAE.com  大众脸影视后期特效.url,广告快捷方式,249
01_商业音效包/Rock The Speakerbox - Broken/LookAE.com/Mac解决身份不明的开发者程序安装.url,01_商业音效包/Rock The Speakerbox - Broken/LookAE.com/Mac解决身份不明的开发者程序安装.url,广告快捷方式,52
01_商业音效包/[Sound.Ideas]Drone Archeology/吾爱素材网资源总查询.url,01_商业音效包/[Sound.Ideas]Drone Archeology/吾爱素材网资源总查询.url,广告快捷方式,254
01_商业音效包/Bluezone Corporation(76)/[Bluezone.Corporation]Artificial FX/www.bluezone-corporation.com.url,01_商业音效包/Bluezone Corporation(76)/[Bluezone.Corporation]Artificial FX/www.bluezone-corporation.com.url,广告快捷方式,91
01_商业音效包/Bluezone Corporation(76)/[Bluezone.Corporation]Downtempo Box/AIF/Download Bluezone Corporation Downtempo Box ProducerLoops.com.URL,01_商业音效包/Bluezone Corporation(76)/[Bluezone.Corporation]Downtempo Box/AIF/Download Bluezone Corporation Downtempo Box ProducerLoops.com.URL,广告快捷方式,103
"01_商业音效包/Bluezone Corporation(76)/[Bluezone.Corporation]Filtered Keys/Chillout Samples, Ambient Sample Packs, Piano Samples, Ambient Chords, Download Ambient Sounds.URL","01_商业音效包/Bluezone Corporation(76)/[Bluezone.Corporation]Filtered Keys/Chillout Samples, Ambient Sample Packs, Piano Samples, Ambient Chords, Download Ambient Sounds.URL",广告快捷方式,112
01_商业音效包/Bluezone Corporation(76)/[Bluezone.Corporation]Glitch and Dark Minimal House/AIF/Download Bluezone Corporation Glitch & Dark Minimal House ProducerLoops.com.URL,01_商业音效包/Bluezone Corporation(76)/[Bluezone.Corporation]Glitch and Dark Minimal House/AIF/Download Bluezone Corporation Glitch & Dark Minimal House ProducerLoops.com.URL,广告快捷方式,115
01_商业音效包/Bluezone Corporation(76)/[Bluezone.Corporation]Overflow Hard Dance Drums/Download Bluezone Corporation Overflow Hard Dance Drums ProducerLoops.com.URL,01_商业音效包/Bluezone Corporation(76)/[Bluezone.Corporation]Overflow Hard Dance Drums/Download Bluezone Corporation Overflow Hard Dance Drums ProducerLoops.com.URL,广告快捷方式,115
01_商业音效包/Bluezone Corporation(76)/[Bluezone.Corporation]Score & Break Drum Loops/Download Bluezone Corporation Score & Break Drum Loops ProducerLoops.com.URL,01_商业音效包/Bluezone Corporation(76)/[Bluezone.Corporation]Score & Break Drum Loops/Download Bluezone Corporation Score & Break Drum Loops ProducerLoops.com.URL,广告快捷方式,113
01_商业音效包/Bluezone Corporation(76)/[Bluezone.Corporation]Electro FX/Download Bluezone Corporation Electro FX ProducerLoops.com.URL,01_商业音效包/Bluezone Corporation(76)/[Bluezone.Corporation]Electro FX/Download Bluezone Corporation Electro FX ProducerLoops.com.URL,广告快捷方式,100
01_商业音效包/Bluezone Corporation(76)/[Bluezone.Corporation]Electro FX/Bluezone Corporation ProducerLoops.com.URL,01_商业音效包/Bluezone Corporation(76)/[Bluezone.Corporation]Electro FX/Bluezone Corporation ProducerLoops.com.URL,广告快捷方式,76
"01_商业音效包/Bluezone Corporation(76)/[Bluezone.Corporation]Ethno & Tribal Ambient/WAV/Bluezone Wav Samples, Loops, Download Sample Packs, CDs, Sound Libraries, Drum Samples and Sound Effects, Pro Audio Samples .URL","01_商业音效包/Bluezone Corporation(76)/[Bluezone.Corporation]Ethno & Tribal Ambient/WAV/Bluezone Wav Samples, Loops, Download Sample Packs, CDs, Sound Libraries, Drum Samples and Sound Effects, Pro Audio Samples .URL",广告快捷方式,62
"01_商业音效包/Bluezone Corporation(76)/[Bluezone.Corporation]Ethno & Tribal Ambient/WAV/Ethno & Tribal Ambient Samples, Ambient Sample Packs, Ethnic Sample CD, Tribal Loops for Download.URL","01_商业音效包/Bluezone Corporation(76)/[Bluezone.Corporation]Ethno & Tribal Ambient/WAV/Ethno & Tribal Ambient Samples, Ambient Sample Packs, Ethnic Sample CD, Tribal Loops for Download.URL",广告快捷方式,121
01_商业音效包/Bluezone Corporation(76)/[Bluezone.Corporation]Altered Zone Dark Ambient Samples/Bluezone/Bluezone - Facebook Fan Page.url,01_商业音效包/Bluezone Corporation(76)/[Bluezone.Corporation]Altered Zone Dark Ambient Samples/Bluezone/Bluezone - Facebook Fan Page.url,广告快捷方式,194
01_商业音效包/Bluezone Corporation(76)/[Bluezone.Corporation]Altered Zone Dark Ambient Samples/Bluezone/Bluezone - YouTube Channel.url,01_商业音效包/Bluezone Corporation(76)/[Bluezone.Corporation]Altered Zone Dark Ambient Samples/Bluezone/Bluezone - YouTube Channel.url,广告快捷方式,175
01_商业音效包/[WHO02]/第六印象.url,01_商业音效包/[WHO02]/第六印象.url,广告快捷方式,4522
02_中文音效合集/百万剪辑狮的音效库/人声音效/.DS_Store,02_中文音效合集/百万剪辑狮的音效库/人声音效/.DS_Store,DS_Store,10244
02_中文音效合集/百万剪辑狮的音效库/人声音效/掌声/.DS_Store,02_中文音效合集/百万剪辑狮的音效库/人声音效/掌声/.DS_Store,DS_Store,6148
02_中文音效合集/百万剪辑狮的音效库/人声音效/笑声/.DS_Store,02_中文音效合集/百万剪辑狮的音效库/人声音效/笑声/.DS_Store,DS_Store,8196
02_中文音效合集/百万剪辑狮的音效库/载具音效/.DS_Store,02_中文音效合集/百万剪辑狮的音效库/载具音效/.DS_Store,DS_Store,10244
02_中文音效合集/百万剪辑狮的音效库/载具音效/飞机/.DS_Store,02_中文音效合集/百万剪辑狮的音效库/载具音效/飞机/.DS_Store,DS_Store,6148
02_中文音效合集/百万剪辑狮的音效库/载具音效/#常用操作/.DS_Store,02_中文音效合集/百万剪辑狮的音效库/载具音效/#常用操作/.DS_Store,DS_Store,8196
02_中文音效合集/百万剪辑狮的音效库/体育音效/.DS_Store,02_中文音效合集/百万剪辑狮的音效库/体育音效/.DS_Store,DS_Store,10244
02_中文音效合集/百万剪辑狮的音效库/体育音效/网球/.DS_Store,02_中文音效合集/百万剪辑狮的音效库/体育音效/网球/.DS_Store,DS_Store,6148
02_中文音效合集/百万剪辑狮的音效库/武器音效/枪支/.DS_Store,02_中文音效合集/百万剪辑狮的音效库/武器音效/枪支/.DS_Store,DS_Store,8196
02_中文音效合集/百万剪辑狮的音效库/武器音效/枪支/gun sfx/枪支音效/Foley - Semi-automatic - AR15/ar15-rifle-foley-bolt-sent-forward-7.sfk,02_中文音效合集/百万剪辑狮的音效库/武器音效/枪支/gun sfx/枪支音效/Foley - Semi-automatic - AR15/ar15-rifle-foley-bolt-sent-forward-7.sfk,sfk缓存,2392
02_中文音效合集/百万剪辑狮的音效库/武器音效/枪支/gun sfx/枪支音效/Foley - Bolt-action - Sniper - Remington 700/remington700-rifle-foley-bolt-moves-with-shell-13.sfk,02_中文音效合集/百万剪辑狮的音效库/武器音效/枪支/gun sfx/枪支音效/Foley - Bolt-action - Sniper - Remington 700/remington700-rifle-foley-bolt-moves-with-shell-13.sfk,sfk缓存,4824
02_中文音效合集/百万剪辑狮的音效库/武器音效/枪支/gun sfx/枪支音效/Foley - Rifle - Automatic - M4/m4-rifle-foley-bolt-charge-2 Take 2.sfk,02_中文音效合集/百万剪辑狮的音效库/武器音效/枪支/gun sfx/枪支音效/Foley - Rifle - Automatic - M4/m4-rifle-foley-bolt-charge-2 Take 2.sfk,sfk缓存,3536
02_中文音效合集/百万剪辑狮的音效库/武器音效/枪支/gun sfx/枪支音效/Foley - Rifle - Automatic - M4/m4-rifle-foley-bolt-charge-1.sfk,02_中文音效合集/百万剪辑狮的音效库/武器音效/枪支/gun sfx/枪支音效/Foley - Rifle - Automatic - M4/m4-rifle-foley-bolt-charge-1.sfk,sfk缓存,3152
02_中文音效合集/百万剪辑狮的音效库/武器音效/枪支/gun sfx/枪支音效/Foley - Rifle - Automatic - M4/m4-rifle-foley-bolt-charge-2 Take 3 Take 2.sfk,02_中文音效合集/百万剪辑狮的音效库/武器音效/枪支/gun sfx/枪支音效/Foley - Rifle - Automatic - M4/m4-rifle-foley-bolt-charge-2 Take 3 Take 2.sfk,sfk缓存,3536
02_中文音效合集/百万剪辑狮的音效库/武器音效/枪支/gun sfx/枪支音效/Foley - Rifle - Automatic - M4/m4-rifle-foley-bolt-charge-2.sfk,02_中文音效合集/百万剪辑狮的音效库/武器音效/枪支/gun sfx/枪支音效/Foley - Rifle - Automatic - M4/m4-rifle-foley-bolt-charge-2.sfk,sfk缓存,3536
02_中文音效合集/百万剪辑狮的音效库/武器音效/枪支/gun sfx/枪支音效/Foley - Rifle - Automatic - M4/m4-rifle-foley-bolt-forward-2.sfk,02_中文音效合集/百万剪辑狮的音效库/武器音效/枪支/gun sfx/枪支音效/Foley - Rifle - Automatic - M4/m4-rifle-foley-bolt-forward-2.sfk,sfk缓存,2040
02_中文音效合集/百万剪辑狮的音效库/武器音效/枪支/gun sfx/枪支音效/Foley - Rifle - Automatic - M4/m4-rifle-foley-bolt-charge-4.sfk,02_中文音效合集/百万剪辑狮的音效库/武器音效/枪支/gun sfx/枪支音效/Foley - Rifle - Automatic - M4/m4-rifle-foley-bolt-charge-4.sfk,sfk缓存,1656
02_中文音效合集/百万剪辑狮的音效库/武器音效/枪支/gun sfx/枪支音效/Foley - Rifle - Automatic - M4/m4-rifle-foley-bolt-charge-3.sfk,02_中文音效合集/百万剪辑狮的音效库/武器音效/枪支/gun sfx/枪支音效/Foley - Rifle - Automatic - M4/m4-rifle-foley-bolt-charge-3.sfk,sfk缓存,2464
02_中文音效合集/百万剪辑狮的音效库/武器音效/枪支/gun sfx/枪支音效/Foley - Rifle - Automatic - M4/m4-rifle-foley-bolt-charge-2 Take 3.sfk,02_中文音效合集/百万剪辑狮的音效库/武器音效/枪支/gun sfx/枪支音效/Foley - Rifle - Automatic - M4/m4-rifle-foley-bolt-charge-2 Take 3.sfk,sfk缓存,3536
02_中文音效合集/百万剪辑狮的音效库/武器音效/枪支/gun sfx/枪支音效/Foley - Pistol - 1911/1911-pistol-foley-dry-fire-2.sfk,02_中文音效合集/百万剪辑狮的音效库/武器音效/枪支/gun sfx/枪支音效/Foley - Pistol - 1911/1911-pistol-foley-dry-fire-2.sfk,sfk缓存,880
02_中文音效合集/百万剪辑狮的音效库/武器音效/枪支/gun sfx/枪支音效/Foley - Pistol - 1911/1911-pistol-foley-slide-charge-6.sfk,02_中文音效合集/百万剪辑狮的音效库/武器音效/枪支/gun sfx/枪支音效/Foley - Pistol - 1911/1911-pistol-foley-slide-charge-6.sfk,sfk缓存,1512
02_中文音效合集/百万剪辑狮的音效库/武器音效/枪支/gun sfx/枪支音效/Foley - Pistol - 1911/1911-pistol-foley-safety-4.sfk,02_中文音效合集/百万剪辑狮的音效库/武器音效/枪支/gun sfx/枪支音效/Foley - Pistol - 1911/1911-pistol-foley-safety-4.sfk,sfk缓存,408
02_中文音效合集/百万剪辑狮的音效库/武器音效/枪支/gun sfx/枪支音效/Foley - Pistol - 1911/1911-pistol-foley-slide-charge-1.sfk,02_中文音效合集/百万剪辑狮的音效库/武器音效/枪支/gun sfx/枪支音效/Foley - Pistol - 1911/1911-pistol-foley-slide-charge-1.sfk,sfk缓存,1168
02_中文音效合集/百万剪辑狮的音效库/武器音效/枪支/gun sfx/枪支音效/Foley - Pistol - 1911/1911-pistol-foley-slide-charge-2.sfk,02_中文音效合集/百万剪辑狮的音效库/武器音效/枪支/gun sfx/枪支音效/Foley - Pistol - 1911/1911-pistol-foley-slide-charge-2.sfk,sfk缓存,1760
02_中文音效合集/百万剪辑狮的音效库/武器音效/枪支/gun sfx/枪支音效/Foley - Machinegun - M249/.DS_Store,02_中文音效合集/百万剪辑狮的音效库/武器音效/枪支/gun sfx/枪支音效/Foley - Machinegun - M249/.DS_Store,DS_Store,12292
02_中文音效合集/百万剪辑狮的音效库/武器音效/枪支/gun sfx/枪支音效/Foley - Submachine Gun - H&K Mp5/mp5-submachinegun-foley-bolt-chrage-3.sfk,02_中文音效合集/百万剪辑狮的音效库/武器音效/枪支/gun sfx/枪支音效/Foley - Submachine Gun - H&K Mp5/mp5-submachinegun-foley-bolt-chrage-3.sfk,sfk缓存,1752
02_中文音效合集/百万剪辑狮的音效库/武器音效/枪支/gun sfx/开火音效/Rifle - Lever-action - Winchester1886/winchester1886-45-70-single-shot-processed-A.sfk,02_中文音效合集/百万剪辑狮的音效库/武器音效/枪支/gun sfx/开火音效/Rifle - Lever-action - Winchester1886/winchester1886-45-70-single-shot-processed-A.sfk,sfk缓存,10752
02_中文音效合集/百万剪辑狮的音效库/武器音效/枪支/gun sfx/开火音效/Shotgun - Pump-action - Mossberg590/mossberg590-12gauge-15-single-shots-processed-D.sfk,02_中文音效合集/百万剪辑狮的音效库/武器音效/枪支/gun sfx/开火音效/Shotgun - Pump-action - Mossberg590/mossberg590-12gauge-15-single-shots-processed-D.sfk,sfk缓存,107176
02_中文音效合集/百万剪辑狮的音效库/武器音效/枪支/gun sfx/开火音效/Rifle - Semi-automatic - Sniper - BarretM28/barret50cal-8-shots-processed-B.sfk,02_中文音效合集/百万剪辑狮的音效库/武器音效/枪支/gun sfx/开火音效/Rifle - Semi-automatic - Sniper - BarretM28/barret50cal-8-shots-processed-B.sfk,sfk缓存,146928
02_中文音效合集/百万剪辑狮的音效库/武器音效/枪支/gun sfx/开火音效/Rifle - Bolt-action - Remmington700/remmington700-308cal-17-single-shots-processed-D.sfk,02_中文音效合集/百万剪辑狮的音效库/武器音效/枪支/gun sfx/开火音效/Rifle - Bolt-action - Remmington700/remmington700-308cal-17-single-shots-processed-D.sfk,sfk缓存,303816
02_中文音效合集/百万剪辑狮的音效库/武器音效/枪支/gun sfx/开火音效/Rifle - Bolt-action - Remmington700/remmington700-308cal-17-single-shots-processed-C.sfk,02_中文音效合集/百万剪辑狮的音效库/武器音效/枪支/gun sfx/开火音效/Rifle - Bolt-action - Remmington700/remmington700-308cal-17-single-shots-processed-C.sfk,sfk缓存,301784
02_中文音效合集/百万剪辑狮的音效库/武器音效/枪支/gun sfx/开火音效/Pistol - Glock 17/glock17-9mm-fire-sequence-1-processed-C.sfk,02_中文音效合集/百万剪辑狮的音效库/武器音效/枪支/gun sfx/开火音效/Pistol - Glock 17/glock17-9mm-fire-sequence-1-processed-C.sfk,sfk缓存,22128
02_中文音效合集/百万剪辑狮的音效库/武器音效/枪支/gun sfx/开火音效/Pistol - Glock 17/glock17-9mm-9-single-shots-processed-A.sfk,02_中文音效合集/百万剪辑狮的音效库/武器音效/枪支/gun sfx/开火音效/Pistol - Glock 17/glock17-9mm-9-single-shots-processed-A.sfk,sfk缓存,73504
02_中文音效合集/百万剪辑狮的音效库/武器音效/枪支/gun sfx/开火音效/Pistol - 1911/1911-45cal-6-single-shots-processed-A.sfk,02_中文音效合集/百万剪辑狮的音效库/武器音效/枪支/gun sfx/开火音效/Pistol - 1911/1911-45cal-6-single-shots-processed-A.sfk,sfk缓存,53624
02_中文音效合集/百万剪辑狮的音效库/武器音效/枪支/gun sfx/开火音效/Pistol - 1911/1911-45cal-single-shot-processed-D.sfk,02_中文音效合集/百万剪辑狮的音效库/武器音效/枪支/gun sfx/开火音效/Pistol - 1911/1911-45cal-single-shot-processed-D.sfk,sfk缓存,9104
02_中文音效合集/百万剪辑狮的音效库/武器音效/枪支/gun sfx/开火音效/Pistol - 1911/1911-45cal-fire-sequence-1-processed-D.sfk,02_中文音效合集/百万剪辑狮的音效库/武器音效/枪支/gun sfx/开火音效/Pistol - 1911/1911-45cal-fire-sequence-1-processed-D.sfk,sfk缓存,48544
02_中文音效合集/百万剪辑狮的音效库/武器音效/枪支/gun sfx/开火音效/Pistol - Revolver - S&W357Mag/S&W-357mag-6-single-shots-processed-B.sfk,02_中文音效合集/百万剪辑狮的音效库/武器音效/枪支/gun sfx/开火音效/Pistol - Revolver - S&W357Mag/S&W-357mag-6-single-shots-processed-B.sfk,sfk缓存,30368
02_中文音效合集/百万剪辑狮的音效库/武器音效/枪支/子弹/.DS_Store,02_中文音效合集/百万剪辑狮的音效库/武器音效/枪支/子弹/.DS_Store,DS_Store,6148
02_中文音效合集/百万剪辑狮的音效库/武器音效/枪支/枪支种类/.DS_Store,02_中文音效合集/百万剪辑狮的音效库/武器音效/枪支/枪支种类/.DS_Store,DS_Store,6148
02_中文音效合集/百万剪辑狮的音效库/武器音效/鞭子/.DS_Store,02_中文音效合集/百万剪辑狮的音效库/武器音效/鞭子/.DS_Store,DS_Store,6148
02_中文音效合集/百万剪辑狮的音效库/动物音效/.DS_Store,02_中文音效合集/百万剪辑狮的音效库/动物音效/.DS_Store,DS_Store,14340
02_中文音效合集/百万剪辑狮的音效库/动物音效/大象/.DS_Store,02_中文音效合集/百万剪辑狮的音效库/动物音效/大象/.DS_Store,DS_Store,6148
02_中文音效合集/百万剪辑狮的音效库/动物音效/老虎/.DS_Store,02_中文音效合集/百万剪辑狮的音效库/动物音效/老虎/.DS_Store,DS_Store,6148
02_中文音效合集/百万剪辑狮的音效库/动物音效/鸡/.DS_Store,02_中文音效合集/百万剪辑狮的音效库/动物音效/鸡/.DS_Store,DS_Store,6148
02_中文音效合集/百万剪辑狮的音效库/操作音效/机械/.DS_Store,02_中文音效合集/百万剪辑狮的音效库/操作音效/机械/.DS_Store,DS_Store,6148
02_中文音效合集/百万剪辑狮的音效库/操作音效/复古/跳跃/About.zip,02_中文音效合集/百万剪辑狮的音效库/操作音效/复古/跳跃/About.zip,about包,2277
02_中文音效合集/百万剪辑狮的音效库/操作音效/复古/跳跃/更多免费资源下载/.DS_Store,02_中文音效合集/百万剪辑狮的音效库/操作音效/复古/跳跃/更多免费资源下载/.DS_Store,DS_Store,6148
02_中文音效合集/百万剪辑狮的音效库/操作音效/手机/iPhone音效/.DS_Store,02_中文音效合集/百万剪辑狮的音效库/操作音效/手机/iPhone音效/.DS_Store,DS_Store,6148
02_中文音效合集/百万剪辑狮的音效库/操作音效/手机/iPhone音效/Iphone1/.DS_Store,02_中文音效合集/百万剪辑狮的音效库/操作音效/手机/iPhone音效/Iphone1/.DS_Store,DS_Store,6148
02_中文音效合集/百万剪辑狮的音效库/操作音效/手机/iPhone音效/Iphone2/.DS_Store,02_中文音效合集/百万剪辑狮的音效库/操作音效/手机/iPhone音效/Iphone2/.DS_Store,DS_Store,6148
02_中文音效合集/百万剪辑狮的音效库/乐器音效/.DS_Store,02_中文音效合集/百万剪辑狮的音效库/乐器音效/.DS_Store,DS_Store,8196
02_中文音效合集/百万剪辑狮的音效库/效果音效/Reverse/.DS_Store,02_中文音效合集/百万剪辑狮的音效库/效果音效/Reverse/.DS_Store,DS_Store,6148
02_中文音效合集/百万剪辑狮的音效库/效果音效/hit/.DS_Store,02_中文音效合集/百万剪辑狮的音效库/效果音效/hit/.DS_Store,DS_Store,21508
02_中文音效合集/百万剪辑狮的音效库/细节音效/气体/.DS_Store,02_中文音效合集/百万剪辑狮的音效库/细节音效/气体/.DS_Store,DS_Store,6148
02_中文音效合集/百万剪辑狮的音效库/场景音效/天气/.DS_Store,02_中文音效合集/百万剪辑狮的音效库/场景音效/天气/.DS_Store,DS_Store,10244
02_中文音效合集/百万剪辑狮的音效库/场景音效/天气/金属/.DS_Store,02_中文音效合集/百万剪辑狮的音效库/场景音效/天气/金属/.DS_Store,DS_Store,6148
02_中文音效合集/百万剪辑狮的音效库/场景音效/天气/刮风/.DS_Store,02_中文音效合集/百万剪辑狮的音效库/场景音效/天气/刮风/.DS_Store,DS_Store,6148
02_中文音效合集/百万剪辑狮的音效库/场景音效/天气/水/1201792.sfk,02_中文音效合集/百万剪辑狮的音效库/场景音效/天气/水/1201792.sfk,sfk缓存,1948
02_中文音效合集/百万剪辑狮的音效库/场景音效/天气/水/1201804.sfk,02_中文音效合集/百万剪辑狮的音效库/场景音效/天气/水/1201804.sfk,sfk缓存,412
02_中文音效合集/百万剪辑狮的音效库/场景音效/天气/水/冒泡.sfk,02_中文音效合集/百万剪辑狮的音效库/场景音效/天气/水/冒泡.sfk,sfk缓存,2416
02_中文音效合集/百万剪辑狮的音效库/场景音效/天气/雨天/雷声（近距离）.mp3.sfk,02_中文音效合集/百万剪辑狮的音效库/场景音效/天气/雨天/雷声（近距离）.mp3.sfk,sfk缓存,3808
02_中文音效合集/百万剪辑狮的音效库/场景音效/天气/雨天/闷雷.mp3.sfk,02_中文音效合集/百万剪辑狮的音效库/场景音效/天气/雨天/闷雷.mp3.sfk,sfk缓存,11624
02_中文音效合集/百万剪辑狮的音效库/场景音效/天气/雷/.DS_Store,02_中文音效合集/百万剪辑狮的音效库/场景音效/天气/雷/.DS_Store,DS_Store,6148
02_中文音效合集/百万剪辑狮的音效库/动作音效/手部/.DS_Store,02_中文音效合集/百万剪辑狮的音效库/动作音效/手部/.DS_Store,DS_Store,6148
02_中文音效合集/音效素材1/低环/更多视频素材--99817062.taobao.com    QQ：99817062.url,02_中文音效合集/音效素材1/低环/更多视频素材--99817062.taobao.com    QQ：99817062.url,广告快捷方式,121
02_中文音效合集/BD音效库/附赠音效库（转场+撞击+音效+环境音）/环境音效大全/自然类/.DS_Store,02_中文音效合集/BD音效库/附赠音效库（转场+撞击+音效+环境音）/环境音效大全/自然类/.DS_Store,DS_Store,15364
02_中文音效合集/BD音效库/附赠音效库（转场+撞击+音效+环境音）/环境音效大全/自然类/雷/.DS_Store,02_中文音效合集/BD音效库/附赠音效库（转场+撞击+音效+环境音）/环境音效大全/自然类/雷/.DS_Store,DS_Store,21508
02_中文音效合集/BD音效库/附赠音效库（转场+撞击+音效+环境音）/环境音效大全/BBCSOUND/音源音色旗舰店（Vsti.taobao.com）.url,02_中文音效合集/BD音效库/附赠音效库（转场+撞击+音效+环境音）/环境音效大全/BBCSOUND/音源音色旗舰店（Vsti.taobao.com）.url,广告快捷方式,187
02_中文音效合集/BD音效库/附赠音效库（转场+撞击+音效+环境音）/环境音效大全/BBCSOUND/音色库（www.yinseku.com）.url,02_中文音效合集/BD音效库/附赠音效库（转场+撞击+音效+环境音）/环境音效大全/BBCSOUND/音色库（www.yinseku.com）.url,广告快捷方式,187
02_中文音效合集/BD音效库/附赠音效库（转场+撞击+音效+环境音）/音效/.DS_Store,02_中文音效合集/BD音效库/附赠音效库（转场+撞击+音效+环境音）/音效/.DS_Store,DS_Store,8196
02_中文音效合集/BD音效库/附赠音效库（转场+撞击+音效+环境音）/音效/运动类/.DS_Store,02_中文音效合集/BD音效库/附赠音效库（转场+撞击+音效+环境音）/音效/运动类/.DS_Store,DS_Store,15364
02_中文音效合集/BD音效库/附赠音效库（转场+撞击+音效+环境音）/音效/实用类/.DS_Store,02_中文音效合集/BD音效库/附赠音效库（转场+撞击+音效+环境音）/音效/实用类/.DS_Store,DS_Store,8196
02_中文音效合集/BD音效库/附赠音效库（转场+撞击+音效+环境音）/音效/卡通类/.DS_Store,02_中文音效合集/BD音效库/附赠音效库（转场+撞击+音效+环境音）/音效/卡通类/.DS_Store,DS_Store,6148
02_中文音效合集/BD音效库/附赠音效库（转场+撞击+音效+环境音）/音效/战争类/.DS_Store,02_中文音效合集/BD音效库/附赠音效库（转场+撞击+音效+环境音）/音效/战争类/.DS_Store,DS_Store,12292
02_中文音效合集/BD音效库/附赠音效库（转场+撞击+音效+环境音）/音效/啊/.DS_Store,02_中文音效合集/BD音效库/附赠音效库（转场+撞击+音效+环境音）/音效/啊/.DS_Store,DS_Store,15364
02_中文音效合集/BD音效库/附赠音效库（转场+撞击+音效+环境音）/音效/动物类/.DS_Store,02_中文音效合集/BD音效库/附赠音效库（转场+撞击+音效+环境音）/音效/动物类/.DS_Store,DS_Store,15364
02_中文音效合集/BD音效库/附赠音效库（转场+撞击+音效+环境音）/音效/交通类/.DS_Store,02_中文音效合集/BD音效库/附赠音效库（转场+撞击+音效+环境音）/音效/交通类/.DS_Store,DS_Store,12292
02_中文音效合集/BD音效库/极品音效库/未来科幻科技感/1/.DS_Store,02_中文音效合集/BD音效库/极品音效库/未来科幻科技感/1/.DS_Store,DS_Store,10244
02_中文音效合集/BD音效库/极品音效库/未来科幻科技感/1/Source Recordings/.DS_Store,02_中文音效合集/BD音效库/极品音效库/未来科幻科技感/1/Source Recordings/.DS_Store,DS_Store,8196
02_中文音效合集/BD音效库/极品音效库/未来科幻科技感/1/Source Recordings/Random Source/.DS_Store,02_中文音效合集/BD音效库/极品音效库/未来科幻科技感/1/Source Recordings/Random Source/.DS_Store,DS_Store,8196
02_中文音效合集/BD音效库/极品音效库/未来科幻科技感/1/Source Recordings/Bass Layers/.DS_Store,02_中文音效合集/BD音效库/极品音效库/未来科幻科技感/1/Source Recordings/Bass Layers/.DS_Store,DS_Store,10244
02_中文音效合集/BD音效库/极品音效库/未来科幻科技感/1/Source Recordings/Weapons Foley/.DS_Store,02_中文音效合集/BD音效库/极品音效库/未来科幻科技感/1/Source Recordings/Weapons Foley/.DS_Store,DS_Store,16388
02_中文音效合集/BD音效库/极品音效库/未来科幻科技感/1/Source Recordings/Transform Layers/.DS_Store,02_中文音效合集/BD音效库/极品音效库/未来科幻科技感/1/Source Recordings/Transform Layers/.DS_Store,DS_Store,10244
02_中文音效合集/BD音效库/极品音效库/未来科幻科技感/1/Source Recordings/Ammunition - Reloads Foley/.DS_Store,02_中文音效合集/BD音效库/极品音效库/未来科幻科技感/1/Source Recordings/Ammunition - Reloads Foley/.DS_Store,DS_Store,18436
02_中文音效合集/BD音效库/极品音效库/未来科幻科技感/1/Source Recordings/Blaster Layers/.DS_Store,02_中文音效合集/BD音效库/极品音效库/未来科幻科技感/1/Source Recordings/Blaster Layers/.DS_Store,DS_Store,8196
02_中文音效合集/BD音效库/极品音效库/未来科幻科技感/1/Source Recordings/Power/.DS_Store,02_中文音效合集/BD音效库/极品音效库/未来科幻科技感/1/Source Recordings/Power/.DS_Store,DS_Store,10244
02_中文音效合集/BD音效库/极品音效库/未来科幻科技感/1/Source Recordings/Laser Layers/.DS_Store,02_中文音效合集/BD音效库/极品音效库/未来科幻科技感/1/Source Recordings/Laser Layers/.DS_Store,DS_Store,10244
02_中文音效合集/BD音效库/极品音效库/未来科幻科技感/1/Designed/.DS_Store,02_中文音效合集/BD音效库/极品音效库/未来科幻科技感/1/Designed/.DS_Store,DS_Store,12292
02_中文音效合集/BD音效库/极品音效库/未来科幻科技感/1/Designed/Pump Gun/.DS_Store,02_中文音效合集/BD音效库/极品音效库/未来科幻科技感/1/Designed/Pump Gun/.DS_Store,DS_Store,12292
02_中文音效合集/BD音效库/极品音效库/未来科幻科技感/1/Designed/Ripper Fast gun/.DS_Store,02_中文音效合集/BD音效库/极品音效库/未来科幻科技感/1/Designed/Ripper Fast gun/.DS_Store,DS_Store,10244
02_中文音效合集/BD音效库/极品音效库/未来科幻科技感/1/Designed/Plasma Gun/.DS_Store,02_中文音效合集/BD音效库/极品音效库/未来科幻科技感/1/Designed/Plasma Gun/.DS_Store,DS_Store,10244
02_中文音效合集/BD音效库/极品音效库/未来科幻科技感/1/Designed/Mines/.DS_Store,02_中文音效合集/BD音效库/极品音效库/未来科幻科技感/1/Designed/Mines/.DS_Store,DS_Store,6148
02_中文音效合集/BD音效库/极品音效库/未来科幻科技感/1/Designed/Rifle Laser/.DS_Store,02_中文音效合集/BD音效库/极品音效库/未来科幻科技感/1/Designed/Rifle Laser/.DS_Store,DS_Store,10244
02_中文音效合集/BD音效库/极品音效库/未来科幻科技感/1/Designed/Blaster/.DS_Store,02_中文音效合集/BD音效库/极品音效库/未来科幻科技感/1/Designed/Blaster/.DS_Store,DS_Store,18436
02_中文音效合集/BD音效库/极品音效库/未来科幻科技感/1/Designed/Explosions/.DS_Store,02_中文音效合集/BD音效库/极品音效库/未来科幻科技感/1/Designed/Explosions/.DS_Store,DS_Store,10244
02_中文音效合集/BD音效库/极品音效库/未来科幻科技感/1/Designed/Impulse Gun/.DS_Store,02_中文音效合集/BD音效库/极品音效库/未来科幻科技感/1/Designed/Impulse Gun/.DS_Store,DS_Store,10244
02_中文音效合集/BD音效库/极品音效库/未来科幻科技感/1/Designed/Nine Inch Nail Cannon/.DS_Store,02_中文音效合集/BD音效库/极品音效库/未来科幻科技感/1/Designed/Nine Inch Nail Cannon/.DS_Store,DS_Store,8196
02_中文音效合集/BD音效库/极品音效库/未来科幻科技感/1/Designed/Machine Gun/.DS_Store,02_中文音效合集/BD音效库/极品音效库/未来科幻科技感/1/Designed/Machine Gun/.DS_Store,DS_Store,12292
02_中文音效合集/BD音效库/极品音效库/未来科幻科技感/1/Designed/Future Hand Gun/.DS_Store,02_中文音效合集/BD音效库/极品音效库/未来科幻科技感/1/Designed/Future Hand Gun/.DS_Store,DS_Store,14340
02_中文音效合集/BD音效库/极品音效库/未来科幻科技感/1/Designed/Energy Gun/.DS_Store,02_中文音效合集/BD音效库/极品音效库/未来科幻科技感/1/Designed/Energy Gun/.DS_Store,DS_Store,12292
02_中文音效合集/BD音效库/极品音效库/未来科幻科技感/1/Designed/Kerosene Gun/.DS_Store,02_中文音效合集/BD音效库/极品音效库/未来科幻科技感/1/Designed/Kerosene Gun/.DS_Store,DS_Store,10244
02_中文音效合集/BD音效库/极品音效库/未来科幻科技感/1/Designed/Bio Gun/.DS_Store,02_中文音效合集/BD音效库/极品音效库/未来科幻科技感/1/Designed/Bio Gun/.DS_Store,DS_Store,14340
02_中文音效合集/BD音效库/极品音效库/未来科幻科技感/1/Designed/Gamma Ray/.DS_Store,02_中文音效合集/BD音效库/极品音效库/未来科幻科技感/1/Designed/Gamma Ray/.DS_Store,DS_Store,10244
02_中文音效合集/BD音效库/极品音效库/未来科幻科技感/1/Designed/Electro Gun/.DS_Store,02_中文音效合集/BD音效库/极品音效库/未来科幻科技感/1/Designed/Electro Gun/.DS_Store,DS_Store,10244
02_中文音效合集/BD音效库/极品音效库/未来科幻科技感/1/Designed/Bolt Pomp Gun/.DS_Store,02_中文音效合集/BD音效库/极品音效库/未来科幻科技感/1/Designed/Bolt Pomp Gun/.DS_Store,DS_Store,14340
02_中文音效合集/BD音效库/极品音效库/未来科幻科技感/1/Designed/Electro Rocket/.DS_Store,02_中文音效合集/BD音效库/极品音效库/未来科幻科技感/1/Designed/Electro Rocket/.DS_Store,DS_Store,8196
02_中文音效合集/BD音效库/极品音效库/未来科幻科技感/1/Designed/Big Friggin Gun/.DS_Store,02_中文音效合集/BD音效库/极品音效库/未来科幻科技感/1/Designed/Big Friggin Gun/.DS_Store,DS_Store,14340
02_中文音效合集/BD音效库/极品音效库/质量一般的音效（备用）/2/.DS_Store,02_中文音效合集/BD音效库/极品音效库/质量一般的音效（备用）/2/.DS_Store,DS_Store,26628
02_中文音效合集/BD音效库/极品音效库/质量一般的音效（备用）/3/.DS_Store,02_中文音效合集/BD音效库/极品音效库/质量一般的音效（备用）/3/.DS_Store,DS_Store,14340
02_中文音效合集/BD音效库/极品音效库/质量一般的音效（备用）/3/音乐-乐器/软音乐/FS_suavity_079.wav,02_中文音效合集/BD音效库/极品音效库/质量一般的音效（备用）/3/音乐-乐器/软音乐/FS_suavity_079.wav,空文件,0
02_中文音效合集/BD音效库/极品音效库/质量一般的音效（备用）/3/音乐-乐器/软音乐/FS_suavity_132.wav,02_中文音效合集/BD音效库/极品音效库/质量一般的音效（备用）/3/音乐-乐器/软音乐/FS_suavity_132.wav,空文件,0
02_中文音效合集/BD音效库/极品音效库/质量一般的音效（备用）/3/软音乐/FS_suavity_079.wav,02_中文音效合集/BD音效库/极品音效库/质量一般的音效（备用）/3/软音乐/FS_suavity_079.wav,空文件,0
02_中文音效合集/BD音效库/极品音效库/质量一般的音效（备用）/3/软音乐/FS_suavity_132.wav,02_中文音效合集/BD音效库/极品音效库/质量一般的音效（备用）/3/软音乐/FS_suavity_132.wav,空文件,0
02_中文音效合集/BD音效库/极品音效库/魔法&科幻/科幻魔法音效/_(WAVs)_Elemental_(Sweetner_Layers)/_(WAVs)_Fire/About/更多优质软件，插件，素材，资源.url,02_中文音效合集/BD音效库/极品音效库/魔法&科幻/科幻魔法音效/_(WAVs)_Elemental_(Sweetner_Layers)/_(WAVs)_Fire/About/更多优质软件，插件，素材，资源.url,广告快捷方式,217
02_中文音效合集/BD音效库/极品音效库/魔法&科幻/蒸汽朋克工业风武器开枪对战音效/_(WAVs)_B_Eva/About.zip,02_中文音效合集/BD音效库/极品音效库/魔法&科幻/蒸汽朋克工业风武器开枪对战音效/_(WAVs)_B_Eva/About.zip,about包,2763
02_中文音效合集/BD音效库/极品音效库/Designer Sound FX/.DS_Store,02_中文音效合集/BD音效库/极品音效库/Designer Sound FX/.DS_Store,DS_Store,18436
02_中文音效合集/BD音效库/极品音效库/Designer Sound FX/鼓点循环/.DS_Store,02_中文音效合集/BD音效库/极品音效库/Designer Sound FX/鼓点循环/.DS_Store,DS_Store,15364
02_中文音效合集/BD音效库/极品音效库/MotionPulse_BlackBox_24-Bit_Wav/.DS_Store,02_中文音效合集/BD音效库/极品音效库/MotionPulse_BlackBox_24-Bit_Wav/.DS_Store,DS_Store,6148
02_中文音效合集/BD音效库/极品音效库/MotionPulse_BlackBox_24-Bit_Wav/ORGANIC/Abstract/ORGANIC.lnk,02_中文音效合集/BD音效库/极品音效库/MotionPulse_BlackBox_24-Bit_Wav/ORGANIC/Abstract/ORGANIC.lnk,广告快捷方式,1213
02_中文音效合集/BD音效库/极品音效库/iPhone音效/.DS_Store,02_中文音效合集/BD音效库/极品音效库/iPhone音效/.DS_Store,DS_Store,6148
02_中文音效合集/音效素材3/特酷音效系列/.DS_Store,02_中文音效合集/音效素材3/特酷音效系列/.DS_Store,DS_Store,6148
02_中文音效合集/音效素材3/特酷音效系列/动物/.DS_Store,02_中文音效合集/音效素材3/特酷音效系列/动物/.DS_Store,DS_Store,6148
02_中文音效合集/音效素材3/汽车防盗声/更多视频素材---99817062.taobao.com    QQ：99817062.lnk,02_中文音效合集/音效素材3/汽车防盗声/更多视频素材---99817062.taobao.com    QQ：99817062.lnk,广告快捷方式,1458
02_中文音效合集/音效素材3/汽车防盗声/更多视频素材--99817062.taobao.com    QQ：99817062.lnk,02_中文音效合集/音效素材3/汽车防盗声/更多视频素材--99817062.taobao.com    QQ：99817062.lnk,广告快捷方式,1298
02_中文音效合集/音效素材3/音乐-乐器/软音乐/FS_suavity_079.wav,02_中文音效合集/音效素材3/音乐-乐器/软音乐/FS_suavity_079.wav,空文件,0
02_中文音效合集/音效素材3/音乐-乐器/软音乐/FS_suavity_132.wav,02_中文音效合集/音效素材3/音乐-乐器/软音乐/FS_suavity_132.wav,空文件,0
02_中文音效合集/音效素材3/软音乐/FS_suavity_079.wav,02_中文音效合集/音效素材3/软音乐/FS_suavity_079.wav,空文件,0
02_中文音效合集/音效素材3/软音乐/FS_suavity_132.wav,02_中文音效合集/音效素材3/软音乐/FS_suavity_132.wav,空文件,0
02_中文音效合集/布斯的音效库/.DS_Store,02_中文音效合集/布斯的音效库/.DS_Store,DS_Store,10244
02_中文音效合集/布斯的音效库/气氛音效/更多免费 FCPX插件‖特效‖AE模板‖脚本‖视频素材‖Mac软件.url,02_中文音效合集/布斯的音效库/气氛音效/更多免费 FCPX插件‖特效‖AE模板‖脚本‖视频素材‖Mac软件.url,广告快捷方式,194
02_中文音效合集/布斯的音效库/气氛音效/百度不限速下载方法.url,02_中文音效合集/布斯的音效库/气氛音效/百度不限速下载方法.url,广告快捷方式,221
02_中文音效合集/环境音/上尚影视.url,02_中文音效合集/环境音/上尚影视.url,广告快捷方式,4523
02_中文音效合集/环境音/其他更多资源.url,02_中文音效合集/环境音/其他更多资源.url,广告快捷方式,4522
02_中文音效合集/环境音/百年资源.url,02_中文音效合集/环境音/百年资源.url,广告快捷方式,4523
99_待整理/临时/大象/.DS_Store,99_待整理/临时/大象/.DS_Store,DS_Store,6148
99_待整理/_命名冲突/03_项目素材/预告/Sound Morph - Sinematic/18. Source Recordings Whoosh/Sinematic - Source Recordings - Whoosh Bys - z Highway Pass_07.wav,99_待整理/_命名冲突/03_项目素材/预告/Sound Morph - Sinematic/18. Source Recordings Whoosh/Sinematic - Source Recordings - Whoosh Bys - z Highway Pass_07.wav,空文件,0
