rel,intended,reason
Pro Sound Effect/1 Nature Backgrounds/17 Night Amb 3.wav,01_商业音效包/Pro Sound Effect/1 Nature Backgrounds/17 Night Amb 3.wav,conflict
"Pro Sound Effect/10 Body Sounds/13 Kick, Body Hit 1-With Sharp Thud.wav","01_商业音效包/Pro Sound Effect/10 Body Sounds/13 Kick, Body Hit 1-With Sharp Thud.wav",conflict
Pro Sound Effect/10 Body Sounds/19 Sword Or Bayonet Juicy Stab 3-With Short Gush Impact.wav,01_商业音效包/Pro Sound Effect/10 Body Sounds/19 Sword Or Bayonet Juicy Stab 3-With Short Gush Impact.wav,conflict
Pro Sound Effect/10 Body Sounds/25 Single Sword Hit 1-With Slight Ring Out.wav,01_商业音效包/Pro Sound Effect/10 Body Sounds/25 Single Sword Hit 1-With Slight Ring Out.wav,conflict
Pro Sound Effect/10 Body Sounds/28 Single Sword Hit 4-Same Pitch As Fx 27 With Ring Out.wav,01_商业音效包/Pro Sound Effect/10 Body Sounds/28 Single Sword Hit 4-Same Pitch As Fx 27 With Ring Out.wav,conflict
Pro Sound Effect/10 Body Sounds/30 Double Sword Scrape 1.wav,01_商业音效包/Pro Sound Effect/10 Body Sounds/30 Double Sword Scrape 1.wav,conflict
Pro Sound Effect/10 Body Sounds/61 Body Falls Off From Chair.wav,01_商业音效包/Pro Sound Effect/10 Body Sounds/61 Body Falls Off From Chair.wav,conflict
Pro Sound Effect/10 Body Sounds/63 Two Single Body Falls On Gravel.wav,01_商业音效包/Pro Sound Effect/10 Body Sounds/63 Two Single Body Falls On Gravel.wav,conflict
"Pro Sound Effect/10 Body Sounds/73 Body Falls Onto Wooden Floor 4, With Flop.wav","01_商业音效包/Pro Sound Effect/10 Body Sounds/73 Body Falls Onto Wooden Floor 4, With Flop.wav",conflict
"Pro Sound Effect/10 Body Sounds/74 Body Falls Onto Wooden Floor 5, With Flop.wav","01_商业音效包/Pro Sound Effect/10 Body Sounds/74 Body Falls Onto Wooden Floor 5, With Flop.wav",conflict
"Pro Sound Effect/11 Crashes,Impacts & Swishes/14 Crash [special Mix] 14-Huge Impact With Long Metal Scrape.wav","01_商业音效包/Pro Sound Effect/11 Crashes,Impacts & Swishes/14 Crash [special Mix] 14-Huge Impact With Long Metal Scrape.wav",conflict
Pro Sound Effect/12 Sports & Boats/15 Wooden Bat Drops Onto Dirt Surface #1.wav,01_商业音效包/Pro Sound Effect/12 Sports & Boats/15 Wooden Bat Drops Onto Dirt Surface #1.wav,conflict
Pro Sound Effect/12 Sports & Boats/18 Wooden Bat Drops Onto Dirt Surface #4.wav,01_商业音效包/Pro Sound Effect/12 Sports & Boats/18 Wooden Bat Drops Onto Dirt Surface #4.wav,conflict
Pro Sound Effect/12 Sports & Boats/19 Wooden Bat Drops Onto Dirt Surface #5.wav,01_商业音效包/Pro Sound Effect/12 Sports & Boats/19 Wooden Bat Drops Onto Dirt Surface #5.wav,conflict
"Pro Sound Effect/12 Sports & Boats/29 Throw Bowling Ball, With Roll Down Alley And Into Gutter.wav","01_商业音效包/Pro Sound Effect/12 Sports & Boats/29 Throw Bowling Ball, With Roll Down Alley And Into Gutter.wav",conflict
"Pro Sound Effect/12 Sports & Boats/58 Ski Steady #5_ With Maneuvers, Movement And Stop.wav","01_商业音效包/Pro Sound Effect/12 Sports & Boats/58 Ski Steady #5_ With Maneuvers, Movement And Stop.wav",conflict
"Pro Sound Effect/13 Humans Coughs,Laughs,Grunts,Screams,Moans,Farts/66 Bites.wav","01_商业音效包/Pro Sound Effect/13 Humans Coughs,Laughs,Grunts,Screams,Moans,Farts/66 Bites.wav",conflict
"Pro Sound Effect/18 Doors,Squeaks,Creaks/04 Wood Door 4.wav","01_商业音效包/Pro Sound Effect/18 Doors,Squeaks,Creaks/04 Wood Door 4.wav",conflict
"Pro Sound Effect/19 Beeps,Bells,Buzzers,Rumbles,Tools/48 Very Low Frequency, Ominous, Underwater Rumble.wav","01_商业音效包/Pro Sound Effect/19 Beeps,Bells,Buzzers,Rumbles,Tools/48 Very Low Frequency, Ominous, Underwater Rumble.wav",conflict
"Pro Sound Effect/19 Beeps,Bells,Buzzers,Rumbles,Tools/49 Avalanche Rumble With Rocks Rolling And Debris.wav","01_商业音效包/Pro Sound Effect/19 Beeps,Bells,Buzzers,Rumbles,Tools/49 Avalanche Rumble With Rocks Rolling And Debris.wav",conflict
"Pro Sound Effect/20 Electronic,Sci-Fi/43 Synth Tone _ Eerie, Slow, Fluctuating.wav","01_商业音效包/Pro Sound Effect/20 Electronic,Sci-Fi/43 Synth Tone _ Eerie, Slow, Fluctuating.wav",conflict
"Pro Sound Effect/20 Electronic,Sci-Fi/82 Oscillating Tones & Bells.wav","01_商业音效包/Pro Sound Effect/20 Electronic,Sci-Fi/82 Oscillating Tones & Bells.wav",conflict
Pro Sound Effect/24.Historical Military/03 Cannons ; Large Single Fire W Fuse.wav,01_商业音效包/Pro Sound Effect/24.Historical Military/03 Cannons ; Large Single Fire W Fuse.wav,conflict
Pro Sound Effect/24.Historical Military/15 Non Serrated Flu Flu Arrow ; By.wav,01_商业音效包/Pro Sound Effect/24.Historical Military/15 Non Serrated Flu Flu Arrow ; By.wav,conflict
Pro Sound Effect/24.Historical Military/16 Serrated Flu Flu Arrow ; By.wav,01_商业音效包/Pro Sound Effect/24.Historical Military/16 Serrated Flu Flu Arrow ; By.wav,conflict
Pro Sound Effect/24.Historical Military/19 Non Punctured Longbolt Crossbow Arrow.wav,01_商业音效包/Pro Sound Effect/24.Historical Military/19 Non Punctured Longbolt Crossbow Arrow.wav,conflict
Pro Sound Effect/24.Historical Military/21 Punctured Longbolt Crossbow Arrow ; By.wav,01_商业音效包/Pro Sound Effect/24.Historical Military/21 Punctured Longbolt Crossbow Arrow ; By.wav,conflict
Pro Sound Effect/24.Historical Military/26 Bow & Arrow Pullback.wav,01_商业音效包/Pro Sound Effect/24.Historical Military/26 Bow & Arrow Pullback.wav,conflict
Pro Sound Effect/24.Historical Military/31 Arrow Impacts (3x).wav,01_商业音效包/Pro Sound Effect/24.Historical Military/31 Arrow Impacts (3x).wav,conflict
Pro Sound Effect/24.Historical Military/32 Arrow Into Body.wav,01_商业音效包/Pro Sound Effect/24.Historical Military/32 Arrow Into Body.wav,conflict
Pro Sound Effect/24.Historical Military/39 Cut Heart Out.wav,01_商业音效包/Pro Sound Effect/24.Historical Military/39 Cut Heart Out.wav,conflict
Pro Sound Effect/24.Historical Military/41 Sword ; Remove From Sheath.wav,01_商业音效包/Pro Sound Effect/24.Historical Military/41 Sword ; Remove From Sheath.wav,conflict
Pro Sound Effect/24.Historical Military/46 Sword ; Single Swish.wav,01_商业音效包/Pro Sound Effect/24.Historical Military/46 Sword ; Single Swish.wav,conflict
Pro Sound Effect/24.Historical Military/55 Sword ; Impacting Sword ; Multiple.wav,01_商业音效包/Pro Sound Effect/24.Historical Military/55 Sword ; Impacting Sword ; Multiple.wav,conflict
"Pro Sound Effect/26.Sci Fi,Beeps,Computers,Industry,Chemistry,Lab,Hospital/92 Hospital; Stretcher Roll.wav","01_商业音效包/Pro Sound Effect/26.Sci Fi,Beeps,Computers,Industry,Chemistry,Lab,Hospital/92 Hospital; Stretcher Roll.wav",conflict
"Pro Sound Effect/28.Crashes,Creak,Scraping,Impacts,Fire,Еxplosions,Footsteps/14 Fire; Flame Whoosh Swift.wav","01_商业音效包/Pro Sound Effect/28.Crashes,Creak,Scraping,Impacts,Fire,Еxplosions,Footsteps/14 Fire; Flame Whoosh Swift.wav",conflict
"Pro Sound Effect/28.Crashes,Creak,Scraping,Impacts,Fire,Еxplosions,Footsteps/15 Fire; Flame Whooshes Left  Right.wav","01_商业音效包/Pro Sound Effect/28.Crashes,Creak,Scraping,Impacts,Fire,Еxplosions,Footsteps/15 Fire; Flame Whooshes Left  Right.wav",conflict
"Pro Sound Effect/28.Crashes,Creak,Scraping,Impacts,Fire,Еxplosions,Footsteps/17 Fire; Fireball Special Effect.wav","01_商业音效包/Pro Sound Effect/28.Crashes,Creak,Scraping,Impacts,Fire,Еxplosions,Footsteps/17 Fire; Fireball Special Effect.wav",conflict
"Pro Sound Effect/28.Crashes,Creak,Scraping,Impacts,Fire,Еxplosions,Footsteps/21 Air; Air Whoosh.wav","01_商业音效包/Pro Sound Effect/28.Crashes,Creak,Scraping,Impacts,Fire,Еxplosions,Footsteps/21 Air; Air Whoosh.wav",conflict
"Pro Sound Effect/28.Crashes,Creak,Scraping,Impacts,Fire,Еxplosions,Footsteps/23 Earth Movements; Continuous Low Frequency Rumble.wav","01_商业音效包/Pro Sound Effect/28.Crashes,Creak,Scraping,Impacts,Fire,Еxplosions,Footsteps/23 Earth Movements; Continuous Low Frequency Rumble.wav",conflict
"Pro Sound Effect/28.Crashes,Creak,Scraping,Impacts,Fire,Еxplosions,Footsteps/30 Crashes; Furniture; Glass & Wood,Med.wav","01_商业音效包/Pro Sound Effect/28.Crashes,Creak,Scraping,Impacts,Fire,Еxplosions,Footsteps/30 Crashes; Furniture; Glass & Wood,Med.wav",conflict
"Pro Sound Effect/28.Crashes,Creak,Scraping,Impacts,Fire,Еxplosions,Footsteps/31 Industry; Logging; Axe; Multiple Impacts; Tearing Wood.wav","01_商业音效包/Pro Sound Effect/28.Crashes,Creak,Scraping,Impacts,Fire,Еxplosions,Footsteps/31 Industry; Logging; Axe; Multiple Impacts; Tearing Wood.wav",conflict
"Pro Sound Effect/28.Crashes,Creak,Scraping,Impacts,Fire,Еxplosions,Footsteps/35 Crashes; Debris Glass,Wood.wav","01_商业音效包/Pro Sound Effect/28.Crashes,Creak,Scraping,Impacts,Fire,Еxplosions,Footsteps/35 Crashes; Debris Glass,Wood.wav",conflict
"Pro Sound Effect/28.Crashes,Creak,Scraping,Impacts,Fire,Еxplosions,Footsteps/70 Hitting; Med Impact.wav","01_商业音效包/Pro Sound Effect/28.Crashes,Creak,Scraping,Impacts,Fire,Еxplosions,Footsteps/70 Hitting; Med Impact.wav",conflict
"Pro Sound Effect/28.Crashes,Creak,Scraping,Impacts,Fire,Еxplosions,Footsteps/73 Footsteps; Wood Floor ; Slow ; Female Flats.wav","01_商业音效包/Pro Sound Effect/28.Crashes,Creak,Scraping,Impacts,Fire,Еxplosions,Footsteps/73 Footsteps; Wood Floor ; Slow ; Female Flats.wav",conflict
"Pro Sound Effect/28.Crashes,Creak,Scraping,Impacts,Fire,Еxplosions,Footsteps/85 Footsteps; Brick; Slow; Female Flats.wav","01_商业音效包/Pro Sound Effect/28.Crashes,Creak,Scraping,Impacts,Fire,Еxplosions,Footsteps/85 Footsteps; Brick; Slow; Female Flats.wav",conflict
"Pro Sound Effect/28.Crashes,Creak,Scraping,Impacts,Fire,Еxplosions,Footsteps/87 Footsteps; Brick; Slow; Male Rubber Soles.wav","01_商业音效包/Pro Sound Effect/28.Crashes,Creak,Scraping,Impacts,Fire,Еxplosions,Footsteps/87 Footsteps; Brick; Slow; Male Rubber Soles.wav",conflict
Pro Sound Effect/3 Wind/01 Light Wind _1 Wispy.wav,01_商业音效包/Pro Sound Effect/3 Wind/01 Light Wind _1 Wispy.wav,conflict
"Pro Sound Effect/3 Wind/04 Light Wind _4 Cold, Birds.wav","01_商业音效包/Pro Sound Effect/3 Wind/04 Light Wind _4 Cold, Birds.wav",conflict
"Pro Sound Effect/3 Wind/05 Light Wind _5 Thru Trees, Leafs.wav","01_商业音效包/Pro Sound Effect/3 Wind/05 Light Wind _5 Thru Trees, Leafs.wav",conflict
Pro Sound Effect/3 Wind/17 Heavy Wind Gusts On Leaves.wav,01_商业音效包/Pro Sound Effect/3 Wind/17 Heavy Wind Gusts On Leaves.wav,conflict
Pro Sound Effect/3 Wind/23 Heavy Gusts Whip Sand And Grass.wav,01_商业音效包/Pro Sound Effect/3 Wind/23 Heavy Gusts Whip Sand And Grass.wav,conflict
Pro Sound Effect/3 Wind/24 Heavy Gusts Blowing Sand.wav,01_商业音效包/Pro Sound Effect/3 Wind/24 Heavy Gusts Blowing Sand.wav,conflict
Pro Sound Effect/30.Sports/01 Baseball Bat Whooshes ( 3x ).wav,01_商业音效包/Pro Sound Effect/30.Sports/01 Baseball Bat Whooshes ( 3x ).wav,conflict
"Pro Sound Effect/30.Sports/55 Hockey Stick, Board Impact ( 7x ).wav","01_商业音效包/Pro Sound Effect/30.Sports/55 Hockey Stick, Board Impact ( 7x ).wav",conflict
"Pro Sound Effect/30.Sports/56 Hockey Body, Board Impact ( 4x ).wav","01_商业音效包/Pro Sound Effect/30.Sports/56 Hockey Body, Board Impact ( 4x ).wav",conflict
Pro Sound Effect/31.Water/05 Underwater Exhale Bubbles.wav,01_商业音效包/Pro Sound Effect/31.Water/05 Underwater Exhale Bubbles.wav,conflict
Pro Sound Effect/31.Water/12 Underwater Bubbles By.wav,01_商业音效包/Pro Sound Effect/31.Water/12 Underwater Bubbles By.wav,conflict
Pro Sound Effect/31.Water/64 Water Being Poured Our Of A Big Bottle.wav,01_商业音效包/Pro Sound Effect/31.Water/64 Water Being Poured Our Of A Big Bottle.wav,conflict
Pro Sound Effect/32.Household/76 Bed Springs.wav,01_商业音效包/Pro Sound Effect/32.Household/76 Bed Springs.wav,conflict
"Pro Sound Effect/32.Household/85 Toilet Paper From Roll,Pulling Off.wav","01_商业音效包/Pro Sound Effect/32.Household/85 Toilet Paper From Roll,Pulling Off.wav",conflict
"Pro Sound Effect/33.Doors/01 Metal,Close With Rattle.wav","01_商业音效包/Pro Sound Effect/33.Doors/01 Metal,Close With Rattle.wav",conflict
"Pro Sound Effect/33.Doors/10 Wood,OC,Metal Squeaks.wav","01_商业音效包/Pro Sound Effect/33.Doors/10 Wood,OC,Metal Squeaks.wav",conflict
"Pro Sound Effect/33.Doors/21 Wood,Latch,Open With Squeak.wav","01_商业音效包/Pro Sound Effect/33.Doors/21 Wood,Latch,Open With Squeak.wav",conflict
Pro Sound Effect/33.Doors/54 Wooden Door Creaks And Stress.wav,01_商业音效包/Pro Sound Effect/33.Doors/54 Wooden Door Creaks And Stress.wav,conflict
"Pro Sound Effect/34.Airplane,Helicopter,Train,Boat,Car,Motorcycle/46 Boat,Bell Rings From Onboard.wav","01_商业音效包/Pro Sound Effect/34.Airplane,Helicopter,Train,Boat,Car,Motorcycle/46 Boat,Bell Rings From Onboard.wav",conflict
"Pro Sound Effect/35.Wet Movement,Bubbles,Squeak,Impact,Crash,Pops/35 Ice Cracking,Small.wav","01_商业音效包/Pro Sound Effect/35.Wet Movement,Bubbles,Squeak,Impact,Crash,Pops/35 Ice Cracking,Small.wav",conflict
"Pro Sound Effect/35.Wet Movement,Bubbles,Squeak,Impact,Crash,Pops/67 Wood Impact.wav","01_商业音效包/Pro Sound Effect/35.Wet Movement,Bubbles,Squeak,Impact,Crash,Pops/67 Wood Impact.wav",conflict
"Pro Sound Effect/36.Air,Steam,Hiss,Whooshes,Industry Machines,Hand Tools/11 Swishes,Comical Multiple.wav","01_商业音效包/Pro Sound Effect/36.Air,Steam,Hiss,Whooshes,Industry Machines,Hand Tools/11 Swishes,Comical Multiple.wav",conflict
"Pro Sound Effect/38.Foley;Cloth,Nylon,Leather,Velcro,Zippers,Bag/02 Cloth Whoosh And Grab.wav","01_商业音效包/Pro Sound Effect/38.Foley;Cloth,Nylon,Leather,Velcro,Zippers,Bag/02 Cloth Whoosh And Grab.wav",conflict
"Pro Sound Effect/38.Foley;Cloth,Nylon,Leather,Velcro,Zippers,Bag/03 Body Pats, Frisk For Guns.wav","01_商业音效包/Pro Sound Effect/38.Foley;Cloth,Nylon,Leather,Velcro,Zippers,Bag/03 Body Pats, Frisk For Guns.wav",conflict
"Pro Sound Effect/38.Foley;Cloth,Nylon,Leather,Velcro,Zippers,Bag/06 Cloth,Grabs With Heavy,Rustle.wav","01_商业音效包/Pro Sound Effect/38.Foley;Cloth,Nylon,Leather,Velcro,Zippers,Bag/06 Cloth,Grabs With Heavy,Rustle.wav",conflict
"Pro Sound Effect/38.Foley;Cloth,Nylon,Leather,Velcro,Zippers,Bag/14 Ski Parka,Brushing With Hands.wav","01_商业音效包/Pro Sound Effect/38.Foley;Cloth,Nylon,Leather,Velcro,Zippers,Bag/14 Ski Parka,Brushing With Hands.wav",conflict
"Pro Sound Effect/38.Foley;Cloth,Nylon,Leather,Velcro,Zippers,Bag/17 Nylon Jacket,Putting On,Zippers.wav","01_商业音效包/Pro Sound Effect/38.Foley;Cloth,Nylon,Leather,Velcro,Zippers,Bag/17 Nylon Jacket,Putting On,Zippers.wav",conflict
"Pro Sound Effect/38.Foley;Cloth,Nylon,Leather,Velcro,Zippers,Bag/18 Bed,Pulling Back Blanket.wav","01_商业音效包/Pro Sound Effect/38.Foley;Cloth,Nylon,Leather,Velcro,Zippers,Bag/18 Bed,Pulling Back Blanket.wav",conflict
"Pro Sound Effect/38.Foley;Cloth,Nylon,Leather,Velcro,Zippers,Bag/23 Cloth,Heavy Rustle And Light Flapping.wav","01_商业音效包/Pro Sound Effect/38.Foley;Cloth,Nylon,Leather,Velcro,Zippers,Bag/23 Cloth,Heavy Rustle And Light Flapping.wav",conflict
"Pro Sound Effect/38.Foley;Cloth,Nylon,Leather,Velcro,Zippers,Bag/25 Cloth Zuzz Into Whoosh And Snap.wav","01_商业音效包/Pro Sound Effect/38.Foley;Cloth,Nylon,Leather,Velcro,Zippers,Bag/25 Cloth Zuzz Into Whoosh And Snap.wav",conflict
"Pro Sound Effect/38.Foley;Cloth,Nylon,Leather,Velcro,Zippers,Bag/26 Cloth Whoosh With Snap For Impact.wav","01_商业音效包/Pro Sound Effect/38.Foley;Cloth,Nylon,Leather,Velcro,Zippers,Bag/26 Cloth Whoosh With Snap For Impact.wav",conflict
"Pro Sound Effect/38.Foley;Cloth,Nylon,Leather,Velcro,Zippers,Bag/28 Cloth Whoosh With Snap For Impact.wav","01_商业音效包/Pro Sound Effect/38.Foley;Cloth,Nylon,Leather,Velcro,Zippers,Bag/28 Cloth Whoosh With Snap For Impact.wav",conflict
"Pro Sound Effect/38.Foley;Cloth,Nylon,Leather,Velcro,Zippers,Bag/32 Cloth Flaps, Shaking With Whoosh.wav","01_商业音效包/Pro Sound Effect/38.Foley;Cloth,Nylon,Leather,Velcro,Zippers,Bag/32 Cloth Flaps, Shaking With Whoosh.wav",conflict
"Pro Sound Effect/38.Foley;Cloth,Nylon,Leather,Velcro,Zippers,Bag/33 Cloth,Heavy,Flaps,Sheets Flapping.wav","01_商业音效包/Pro Sound Effect/38.Foley;Cloth,Nylon,Leather,Velcro,Zippers,Bag/33 Cloth,Heavy,Flaps,Sheets Flapping.wav",conflict
"Pro Sound Effect/38.Foley;Cloth,Nylon,Leather,Velcro,Zippers,Bag/37 Cloth,Heavy Rustle.wav","01_商业音效包/Pro Sound Effect/38.Foley;Cloth,Nylon,Leather,Velcro,Zippers,Bag/37 Cloth,Heavy Rustle.wav",conflict
"Pro Sound Effect/38.Foley;Cloth,Nylon,Leather,Velcro,Zippers,Bag/38 Cloth,Light Movement.wav","01_商业音效包/Pro Sound Effect/38.Foley;Cloth,Nylon,Leather,Velcro,Zippers,Bag/38 Cloth,Light Movement.wav",conflict
"Pro Sound Effect/38.Foley;Cloth,Nylon,Leather,Velcro,Zippers,Bag/39 Cloth Whoosh,Overcoat Flaps.wav","01_商业音效包/Pro Sound Effect/38.Foley;Cloth,Nylon,Leather,Velcro,Zippers,Bag/39 Cloth Whoosh,Overcoat Flaps.wav",conflict
"Pro Sound Effect/38.Foley;Cloth,Nylon,Leather,Velcro,Zippers,Bag/49 Cloth,Canvass Jacket,On,Off.wav","01_商业音效包/Pro Sound Effect/38.Foley;Cloth,Nylon,Leather,Velcro,Zippers,Bag/49 Cloth,Canvass Jacket,On,Off.wav",conflict
"Pro Sound Effect/38.Foley;Cloth,Nylon,Leather,Velcro,Zippers,Bag/59 Gear Pan By's Fast.wav","01_商业音效包/Pro Sound Effect/38.Foley;Cloth,Nylon,Leather,Velcro,Zippers,Bag/59 Gear Pan By's Fast.wav",conflict
"Pro Sound Effect/38.Foley;Cloth,Nylon,Leather,Velcro,Zippers,Bag/64 Cloth Tears,Good Long Rips.wav","01_商业音效包/Pro Sound Effect/38.Foley;Cloth,Nylon,Leather,Velcro,Zippers,Bag/64 Cloth Tears,Good Long Rips.wav",conflict
"Pro Sound Effect/38.Foley;Cloth,Nylon,Leather,Velcro,Zippers,Bag/77 Packing Various Objects Into Canvas Duffle Bag.wav","01_商业音效包/Pro Sound Effect/38.Foley;Cloth,Nylon,Leather,Velcro,Zippers,Bag/77 Packing Various Objects Into Canvas Duffle Bag.wav",conflict
Pro Sound Effect/39.Human;Body Sounds/36 Drinking.wav,01_商业音效包/Pro Sound Effect/39.Human;Body Sounds/36 Drinking.wav,conflict
Pro Sound Effect/4 Water/30 River_ Small 1 Medium-fast_ Babbling And Smooth Running.wav,01_商业音效包/Pro Sound Effect/4 Water/30 River_ Small 1 Medium-fast_ Babbling And Smooth Running.wav,conflict
Pro Sound Effect/4 Water/43 Waterfall_ Medium 2 Very Rapid Fine Mist Roar.wav,01_商业音效包/Pro Sound Effect/4 Water/43 Waterfall_ Medium 2 Very Rapid Fine Mist Roar.wav,conflict
"Pro Sound Effect/42.Recreation/11 Ride Carnival Ambience,Passenger Screams,Machinery.wav","01_商业音效包/Pro Sound Effect/42.Recreation/11 Ride Carnival Ambience,Passenger Screams,Machinery.wav",conflict
"Pro Sound Effect/46.Rain,Wind/38 Rural Ambience,Light To Medium Wind.wav","01_商业音效包/Pro Sound Effect/46.Rain,Wind/38 Rural Ambience,Light To Medium Wind.wav",conflict
"Pro Sound Effect/46.Rain,Wind/40 Wind,Heavy Howl Or Moan In Cane Or Corn Fields.wav","01_商业音效包/Pro Sound Effect/46.Rain,Wind/40 Wind,Heavy Howl Or Moan In Cane Or Corn Fields.wav",conflict
"Pro Sound Effect/48.Room Tone,Ambience,Industry/06 Room Tone,Dead Air,Very Quiet.wav","01_商业音效包/Pro Sound Effect/48.Room Tone,Ambience,Industry/06 Room Tone,Dead Air,Very Quiet.wav",conflict
"Pro Sound Effect/49.Nature Ambiences/12 Rural Ambience,Light Steady Breeze,Birds,Insect.wav","01_商业音效包/Pro Sound Effect/49.Nature Ambiences/12 Rural Ambience,Light Steady Breeze,Birds,Insect.wav",conflict
"Pro Sound Effect/49.Nature Ambiences/34 Birds,Light Bird Chirps,Water Splashes.wav","01_商业音效包/Pro Sound Effect/49.Nature Ambiences/34 Birds,Light Bird Chirps,Water Splashes.wav",conflict
"Pro Sound Effect/49.Nature Ambiences/40 Stream,Water Runs Steady Over Rocks.wav","01_商业音效包/Pro Sound Effect/49.Nature Ambiences/40 Stream,Water Runs Steady Over Rocks.wav",conflict
"Pro Sound Effect/50.Designed Sounds/22 Skiing On Snow Steady With Maneuvers,Wind Whistle.wav","01_商业音效包/Pro Sound Effect/50.Designed Sounds/22 Skiing On Snow Steady With Maneuvers,Wind Whistle.wav",conflict
"Pro Sound Effect/7 Cars/85 Car Window Roll Up_Down, Manual.wav","01_商业音效包/Pro Sound Effect/7 Cars/85 Car Window Roll Up_Down, Manual.wav",conflict
"Pro Sound Effect/9 Guns,Ricochets,Explosions,Fireworks/79 Explosion-Large, Sharp, Boomy Crack With Fall Debris, 2.wav","01_商业音效包/Pro Sound Effect/9 Guns,Ricochets,Explosions,Fireworks/79 Explosion-Large, Sharp, Boomy Crack With Fall Debris, 2.wav",conflict
"音效/11 Crashes,Impacts & Swishes/04 Crash [special Mix] 04-Metal Impact With Scrapes And Sque.wav","01_商业音效包/Pro Sound Effect/11 Crashes,Impacts & Swishes/04 Crash [special Mix] 04-Metal Impact With Scrapes And Sque.wav",conflict
"音效/11 Crashes,Impacts & Swishes/11 Crash [special Mix] 11-Medium Perspective Skid, Impact An.wav","01_商业音效包/Pro Sound Effect/11 Crashes,Impacts & Swishes/11 Crash [special Mix] 11-Medium Perspective Skid, Impact An.wav",conflict
"音效/11 Crashes,Impacts & Swishes/35 Wood Crash, Large.wav","01_商业音效包/Pro Sound Effect/11 Crashes,Impacts & Swishes/35 Wood Crash, Large.wav",conflict
"音效/11 Crashes,Impacts & Swishes/37 Wood, Single Piece Falls Onto Hard Surface.wav","01_商业音效包/Pro Sound Effect/11 Crashes,Impacts & Swishes/37 Wood, Single Piece Falls Onto Hard Surface.wav",conflict
"音效/14 Crowds,Kids,Babies,Heartbeats/29 Medium Crowd Of Adults Yell, Shout, Scream And Laugh.wav","01_商业音效包/Pro Sound Effect/14 Crowds,Kids,Babies,Heartbeats/29 Medium Crowd Of Adults Yell, Shout, Scream And Laugh.wav",conflict
"音效/14 Crowds,Kids,Babies,Heartbeats/66 Heart Beat, Slow.wav","01_商业音效包/Pro Sound Effect/14 Crowds,Kids,Babies,Heartbeats/66 Heart Beat, Slow.wav",conflict
"音效/18 Doors,Squeaks,Creaks/16 Half Glass-Wood Door 5.wav","01_商业音效包/Pro Sound Effect/18 Doors,Squeaks,Creaks/16 Half Glass-Wood Door 5.wav",conflict
"音效/19 Beeps,Bells,Buzzers,Rumbles,Tools/48 Very Low Frequency, Ominous, Underwater Rumble.wav","01_商业音效包/Pro Sound Effect/19 Beeps,Bells,Buzzers,Rumbles,Tools/48 Very Low Frequency, Ominous, Underwater Rumble.wav",conflict
"音效/19 Beeps,Bells,Buzzers,Rumbles,Tools/49 Avalanche Rumble With Rocks Rolling And Debris.wav","01_商业音效包/Pro Sound Effect/19 Beeps,Bells,Buzzers,Rumbles,Tools/49 Avalanche Rumble With Rocks Rolling And Debris.wav",conflict
音效/2 Birds & Animals/56 Four Horses Gallop On Dirt.wav,01_商业音效包/Pro Sound Effect/2 Birds & Animals/56 Four Horses Gallop On Dirt.wav,conflict
音效/31.Water/06 Submarine Submerging.wav,01_商业音效包/Pro Sound Effect/31.Water/06 Submarine Submerging.wav,conflict
音效/31.Water/55 Medium Heavy Water Movement.wav,01_商业音效包/Pro Sound Effect/31.Water/55 Medium Heavy Water Movement.wav,conflict
音效/31.Water/63 Body Fall Into Water.wav,01_商业音效包/Pro Sound Effect/31.Water/63 Body Fall Into Water.wav,conflict
"音效/32.Household/85 Toilet Paper From Roll,Pulling Off.wav","01_商业音效包/Pro Sound Effect/32.Household/85 Toilet Paper From Roll,Pulling Off.wav",conflict
"音效/33.Doors/33 Wood,Creaks With Heavy Close.wav","01_商业音效包/Pro Sound Effect/33.Doors/33 Wood,Creaks With Heavy Close.wav",conflict
"音效/33.Doors/41 Glass And Wood,OC With Keys.wav","01_商业音效包/Pro Sound Effect/33.Doors/41 Glass And Wood,OC With Keys.wav",conflict
"音效/33.Doors/72 Wood,Burst Open.wav","01_商业音效包/Pro Sound Effect/33.Doors/72 Wood,Burst Open.wav",conflict
"音效/37.Crowd,Sports Crowds,Int/10 Crowd,Huge,Cheer And Applause.wav","01_商业音效包/Pro Sound Effect/37.Crowd,Sports Crowds,Int/10 Crowd,Huge,Cheer And Applause.wav",conflict
音效/39.Human;Body Sounds/82 Pencil Writing.wav,01_商业音效包/Pro Sound Effect/39.Human;Body Sounds/82 Pencil Writing.wav,conflict
音效/4 Water/48 Drips_ Water_ From Wringing Out Wet Cloth.wav,01_商业音效包/Pro Sound Effect/4 Water/48 Drips_ Water_ From Wringing Out Wet Cloth.wav,conflict
"音效/40.Pistol,Machine Gun,Bullet,Grenade/42 Bullet Hits Body With Wet Impact.wav","01_商业音效包/Pro Sound Effect/40.Pistol,Machine Gun,Bullet,Grenade/42 Bullet Hits Body With Wet Impact.wav",conflict
"音效/43.SciFi,Eerie,Horror/21 Sub Rumble,Heavy.wav","01_商业音效包/Pro Sound Effect/43.SciFi,Eerie,Horror/21 Sub Rumble,Heavy.wav",conflict
"音效/43.SciFi,Eerie,Horror/92 Space Winds,Synthetic.wav","01_商业音效包/Pro Sound Effect/43.SciFi,Eerie,Horror/92 Space Winds,Synthetic.wav",conflict
"音效/44.Scrapes & Scratches/11 Wood Scrape,Door.wav","01_商业音效包/Pro Sound Effect/44.Scrapes & Scratches/11 Wood Scrape,Door.wav",conflict
音效/44.Scrapes & Scratches/50 Ice Skate Movement Cu With Leather Creaks.wav,01_商业音效包/Pro Sound Effect/44.Scrapes & Scratches/50 Ice Skate Movement Cu With Leather Creaks.wav,conflict
"音效/44.Scrapes & Scratches/61 Metal Rolling,Heavy,Can Or Bin.wav","01_商业音效包/Pro Sound Effect/44.Scrapes & Scratches/61 Metal Rolling,Heavy,Can Or Bin.wav",conflict
"音效/49.Nature Ambiences/06 Jungle,Wet Exotic Bird Calls,Light Rain On Foliage,Cricket.wav","01_商业音效包/Pro Sound Effect/49.Nature Ambiences/06 Jungle,Wet Exotic Bird Calls,Light Rain On Foliage,Cricket.wav",conflict
"音效/50.Designed Sounds/22 Skiing On Snow Steady With Maneuvers,Wind Whistle.wav","01_商业音效包/Pro Sound Effect/50.Designed Sounds/22 Skiing On Snow Steady With Maneuvers,Wind Whistle.wav",conflict
"音效/50.Designed Sounds/50 Sword Fight,Male Crowd Reaction,Yelling.wav","01_商业音效包/Pro Sound Effect/50.Designed Sounds/50 Sword Fight,Male Crowd Reaction,Yelling.wav",conflict
音效/7 Cars/65 BMW Floor Type Gear Shift Movement.wav,01_商业音效包/Pro Sound Effect/7 Cars/65 BMW Floor Type Gear Shift Movement.wav,conflict
音效/Explosions - 5.1 Surround/Set 01/5.1 Explosion Set 01 - R.wav,01_商业音效包/Pro Sound Effect/Explosions - 5.1 Surround/Set 01/5.1 Explosion Set 01 - R.wav,conflict
音效/Explosions - 5.1 Surround/Set 11/5.1 Explosion Set 11 - C.wav,01_商业音效包/Pro Sound Effect/Explosions - 5.1 Surround/Set 11/5.1 Explosion Set 11 - C.wav,conflict
音效/Hits & Tones/Bowed Vibe 03.wav,01_商业音效包/Pro Sound Effect/Hits & Tones/Bowed Vibe 03.wav,conflict
音效/Hits & Tones/Deep Bass Swell 01.wav,01_商业音效包/Pro Sound Effect/Hits & Tones/Deep Bass Swell 01.wav,conflict
音效/Hits & Tones/Kodo Drum Hits 01.wav,01_商业音效包/Pro Sound Effect/Hits & Tones/Kodo Drum Hits 01.wav,conflict
音效/LTT_V30All/01290 狼嚎4(01290 wolf howl 4)_爱给网_aigei_com.wav,03_项目素材/LTT_V30All/01290 狼嚎4(01290 wolf howl 4)_爱给网_aigei_com.wav,conflict
音效/LTT_V30All/02 Trailer Hit A.wav,03_项目素材/LTT_V30All/02 Trailer Hit A.wav,conflict
音效/LTT_V30All/04. Gom Jabbar.mp3,03_项目素材/LTT_V30All/04. Gom Jabbar.mp3,conflict
音效/LTT_V30All/07 Breathing Pattern.mp3,03_项目素材/LTT_V30All/07 Breathing Pattern.mp3,conflict
音效/LTT_V30All/14. Invasion Of Asgard.mp3,03_项目素材/LTT_V30All/14. Invasion Of Asgard.mp3,conflict
音效/LTT_V30All/27 Knife Bow.mp3,03_项目素材/LTT_V30All/27 Knife Bow.mp3,conflict
音效/LTT_V30All/34 Light Wind Whistling_ Brush.wav,03_项目素材/LTT_V30All/34 Light Wind Whistling_ Brush.wav,conflict
音效/LTT_V30All/94 Footsteps; Grass; Jog.wav,03_项目素材/LTT_V30All/94 Footsteps; Grass; Jog.wav,conflict
音效/LTT_V30All/ApeMonster_BreathAttack1.wav,03_项目素材/LTT_V30All/ApeMonster_BreathAttack1.wav,conflict
音效/LTT_V30All/ApeMonster_Roar2.wav,03_项目素材/LTT_V30All/ApeMonster_Roar2.wav,conflict
音效/LTT_V30All/Bear McCreary-Rodan.mp3,03_项目素材/LTT_V30All/Bear McCreary-Rodan.mp3,conflict
音效/LTT_V30All/Foot_DeepSnow_Run08.wav,03_项目素材/LTT_V30All/Foot_DeepSnow_Run08.wav,conflict
音效/LTT_V30All/Harry Gregson-Williams - Mulan & Honghui Fight (From ＂Mulan＂／Score).mp3,03_项目素材/LTT_V30All/Harry Gregson-Williams - Mulan & Honghui Fight (From ＂Mulan＂／Score).mp3,conflict
音效/LTT_V30All/Hit_Sword_Shield2.wav,03_项目素材/LTT_V30All/Hit_Sword_Shield2.wav,conflict
音效/LTT_V30All/Int Car Windscreen Foot Cracking 01 LR.wav,03_项目素材/LTT_V30All/Int Car Windscreen Foot Cracking 01 LR.wav,conflict
音效/LTT_V30All/John Paesano - The Junkyard.mp3,03_项目素材/LTT_V30All/John Paesano - The Junkyard.mp3,conflict
音效/LTT_V30All/MagicSpell_RootsGrow1.wav,03_项目素材/LTT_V30All/MagicSpell_RootsGrow1.wav,conflict
音效/LTT_V30All/Power_Wooshes_02.wav,03_项目素材/LTT_V30All/Power_Wooshes_02.wav,conflict
音效/LTT_V30All/SL 01 Deep Whoosh A.wav,03_项目素材/LTT_V30All/SL 01 Deep Whoosh A.wav,conflict
音效/LTT_V30All/SL 07 Whoosh Hit B.wav,03_项目素材/LTT_V30All/SL 07 Whoosh Hit B.wav,conflict
音效/LTT_V30All/SP 15 Quick Whoosh A.wav,03_项目素材/LTT_V30All/SP 15 Quick Whoosh A.wav,conflict
音效/LTT_V30All/SP 18 Low Whoosh A.wav,03_项目素材/LTT_V30All/SP 18 Low Whoosh A.wav,conflict
音效/LTT_V30All/Smash_HugeRockImpact4.wav,03_项目素材/LTT_V30All/Smash_HugeRockImpact4.wav,conflict
音效/LTT_V30All/Volcano_Lava_Erupt1.wav,03_项目素材/LTT_V30All/Volcano_Lava_Erupt1.wav,conflict
音效/LTT_V30All/WC_Nature_Earthquake_Destruction_mega_CT.wav,03_项目素材/LTT_V30All/WC_Nature_Earthquake_Destruction_mega_CT.wav,conflict
音效/LTT_V30All/转场_4 - swoosh - long.wav,03_项目素材/LTT_V30All/转场_4 - swoosh - long.wav,conflict
音效/LTT_V30All/转场_7 - swoosh - normal.wav,03_项目素材/LTT_V30All/转场_7 - swoosh - normal.wav,conflict
音效/Natural Elements/River Current Medium.wav,01_商业音效包/Pro Sound Effect/Natural Elements/River Current Medium.wav,conflict
音效/Natural Elements/Thunder Light Rain.wav,01_商业音效包/Pro Sound Effect/Natural Elements/Thunder Light Rain.wav,conflict
音效/Period Combat/Cannon Blast Downrange Fire 01.wav,01_商业音效包/Pro Sound Effect/Period Combat/Cannon Blast Downrange Fire 01.wav,conflict
"音效/Pro Sound Effect/10 Body Sounds/04 Punch, Face Hit 4-Sharp Impact.wav","01_商业音效包/Pro Sound Effect/10 Body Sounds/04 Punch, Face Hit 4-Sharp Impact.wav",conflict
音效/Pro Sound Effect/10 Body Sounds/63 Two Single Body Falls On Gravel.wav,01_商业音效包/Pro Sound Effect/10 Body Sounds/63 Two Single Body Falls On Gravel.wav,conflict
音效/Pro Sound Effect/12 Sports & Boats/15 Wooden Bat Drops Onto Dirt Surface #1.wav,01_商业音效包/Pro Sound Effect/12 Sports & Boats/15 Wooden Bat Drops Onto Dirt Surface #1.wav,conflict
音效/Pro Sound Effect/24.Historical Military/46 Sword ; Single Swish.wav,01_商业音效包/Pro Sound Effect/24.Historical Military/46 Sword ; Single Swish.wav,conflict
音效/Pro Sound Effect/24.Historical Military/78 Body Falls (3x).wav,01_商业音效包/Pro Sound Effect/24.Historical Military/78 Body Falls (3x).wav,conflict
"音效/Pro Sound Effect/33.Doors/22 Wood,Creaks,Close With Latch.wav","01_商业音效包/Pro Sound Effect/33.Doors/22 Wood,Creaks,Close With Latch.wav",conflict
"音效/Pro Sound Effect/36.Air,Steam,Hiss,Whooshes,Industry Machines,Hand Tools/02 Whooshes,Medium Speed Air Punch.wav","01_商业音效包/Pro Sound Effect/36.Air,Steam,Hiss,Whooshes,Industry Machines,Hand Tools/02 Whooshes,Medium Speed Air Punch.wav",conflict
"音效/Pro Sound Effect/36.Air,Steam,Hiss,Whooshes,Industry Machines,Hand Tools/13 Whoosh,Single Fan Blade From Close Perspective.wav","01_商业音效包/Pro Sound Effect/36.Air,Steam,Hiss,Whooshes,Industry Machines,Hand Tools/13 Whoosh,Single Fan Blade From Close Perspective.wav",conflict
"音效/Pro Sound Effect/38.Foley;Cloth,Nylon,Leather,Velcro,Zippers,Bag/04 Cloth,Grabs With,Movement.wav","01_商业音效包/Pro Sound Effect/38.Foley;Cloth,Nylon,Leather,Velcro,Zippers,Bag/04 Cloth,Grabs With,Movement.wav",conflict
"音效/Pro Sound Effect/38.Foley;Cloth,Nylon,Leather,Velcro,Zippers,Bag/06 Cloth,Grabs With Heavy,Rustle.wav","01_商业音效包/Pro Sound Effect/38.Foley;Cloth,Nylon,Leather,Velcro,Zippers,Bag/06 Cloth,Grabs With Heavy,Rustle.wav",conflict
"音效/Pro Sound Effect/38.Foley;Cloth,Nylon,Leather,Velcro,Zippers,Bag/28 Cloth Whoosh With Snap For Impact.wav","01_商业音效包/Pro Sound Effect/38.Foley;Cloth,Nylon,Leather,Velcro,Zippers,Bag/28 Cloth Whoosh With Snap For Impact.wav",conflict
"音效/Pro Sound Effect/38.Foley;Cloth,Nylon,Leather,Velcro,Zippers,Bag/32 Cloth Flaps, Shaking With Whoosh.wav","01_商业音效包/Pro Sound Effect/38.Foley;Cloth,Nylon,Leather,Velcro,Zippers,Bag/32 Cloth Flaps, Shaking With Whoosh.wav",conflict
"音效/Pro Sound Effect/38.Foley;Cloth,Nylon,Leather,Velcro,Zippers,Bag/49 Cloth,Canvass Jacket,On,Off.wav","01_商业音效包/Pro Sound Effect/38.Foley;Cloth,Nylon,Leather,Velcro,Zippers,Bag/49 Cloth,Canvass Jacket,On,Off.wav",conflict
"音效/Pro Sound Effect/50.Designed Sounds/22 Skiing On Snow Steady With Maneuvers,Wind Whistle.wav","01_商业音效包/Pro Sound Effect/50.Designed Sounds/22 Skiing On Snow Steady With Maneuvers,Wind Whistle.wav",conflict
音效/Sound Design - Sci-Fi/Metallic Vibrations.wav,01_商业音效包/Pro Sound Effect/Sound Design - Sci-Fi/Metallic Vibrations.wav,conflict
音效/Sound Morph - Matter Mayhem/05. Blow Up - Stone Pebble Earth/Matter Mayhem - Debris _Small Blowup_Heap of Earth_Close-04.wav,01_商业音效包/Sound Morph - Matter Mayhem/05. Blow Up - Stone Pebble Earth/Matter Mayhem - Debris _Small Blowup_Heap of Earth_Close-04.wav,conflict
音效/Sound Morph - Matter Mayhem/05. Blow Up - Stone Pebble Earth/Matter Mayhem - Debris _Small Blowup_Heap of Earth_Mid-05.wav,01_商业音效包/Sound Morph - Matter Mayhem/05. Blow Up - Stone Pebble Earth/Matter Mayhem - Debris _Small Blowup_Heap of Earth_Mid-05.wav,conflict
音效/Sound Morph - Matter Mayhem/08. Debris - Stone/Matter Mayhem - Cobblestones_ Little downfall on concrete 02.wav,01_商业音效包/Sound Morph - Matter Mayhem/08. Debris - Stone/Matter Mayhem - Cobblestones_ Little downfall on concrete 02.wav,conflict
音效/Sound Morph - Matter Mayhem/08. Debris - Stone/Matter Mayhem - Pile_ Downfall on stone pile 03.wav,01_商业音效包/Sound Morph - Matter Mayhem/08. Debris - Stone/Matter Mayhem - Pile_ Downfall on stone pile 03.wav,conflict
音效/Sound Morph - Matter Mayhem/08. Debris - Stone/Matter Mayhem - Tiles_Fall on Concrete-04.wav,01_商业音效包/Sound Morph - Matter Mayhem/08. Debris - Stone/Matter Mayhem - Tiles_Fall on Concrete-04.wav,conflict
音效/Sound Morph - Matter Mayhem/09. Debris - Wood/Matter Mayhem - Wood_Big_Logs fall-03.wav,01_商业音效包/Sound Morph - Matter Mayhem/09. Debris - Wood/Matter Mayhem - Wood_Big_Logs fall-03.wav,conflict
音效/Sound Morph - Matter Mayhem/14. Whoosh Objects/Matter Mayhem - Stone_Passby single-01.wav,01_商业音效包/Sound Morph - Matter Mayhem/14. Whoosh Objects/Matter Mayhem - Stone_Passby single-01.wav,conflict
音效/Sound Morph - Matter Mayhem/16. First Person Debris/Matter Mayhem -1st Person Dirt Debris-11.wav,01_商业音效包/Sound Morph - Matter Mayhem/16. First Person Debris/Matter Mayhem -1st Person Dirt Debris-11.wav,conflict
音效/[Blastwave.FX]Collection/[Blastwave.FX]Buzzsaw 2/Buzzsaw2/Whooshes/WhooshReverse_BS2.1620.wav,01_商业音效包/[Blastwave.FX]Collection/[Blastwave.FX]Buzzsaw 2/Buzzsaw2/Whooshes/WhooshReverse_BS2.1620.wav,conflict
音效/[Blastwave.FX]Collection/[Blastwave.FX]Imaging Elements 5.1 Library Stereo Mixdowns/DRON_SSFX_ MUSICAL_DR01.71.wav,01_商业音效包/[Blastwave.FX]Collection/[Blastwave.FX]Imaging Elements 5.1 Library Stereo Mixdowns/DRON_SSFX_ MUSICAL_DR01.71.wav,conflict
音效/[Blastwave.FX]Collection/[Blastwave.FX]Imaging Elements 5.1 Library Stereo Mixdowns/DRON_SSFX_ MUSICAL_DR01.72.wav,01_商业音效包/[Blastwave.FX]Collection/[Blastwave.FX]Imaging Elements 5.1 Library Stereo Mixdowns/DRON_SSFX_ MUSICAL_DR01.72.wav,conflict
音效/[Blastwave.FX]Collection/[Blastwave.FX]Revolver 5.1 Production Elements/DVD_1/SOUNDFX_MP3/PREL_SSFX_Metallic_BW01.257.mp3,01_商业音效包/[Blastwave.FX]Collection/[Blastwave.FX]Revolver 5.1 Production Elements/DVD_1/SOUNDFX_MP3/PREL_SSFX_Metallic_BW01.257.mp3,conflict
音效/[Blastwave.FX]Collection/[Blastwave.FX]Revolver 5.1 Production Elements/DVD_1/SOUNDFX_MP3/PREL_SSFX_Whoosh_BW01.300.mp3,01_商业音效包/[Blastwave.FX]Collection/[Blastwave.FX]Revolver 5.1 Production Elements/DVD_1/SOUNDFX_MP3/PREL_SSFX_Whoosh_BW01.300.mp3,conflict
音效/[Tonsturm]01 Breaking Glass/TONSTURM_01_Breaking_Glass_Decoded_MS_to_LR_192kHz/Ext Glasspane Wood Framed Mirror 60x120cm 2of6 Slingshot LR.wav,01_商业音效包/[Tonsturm]01 Breaking Glass/TONSTURM_01_Breaking_Glass_Decoded_MS_to_LR_192kHz/Ext Glasspane Wood Framed Mirror 60x120cm 2of6 Slingshot LR.wav,conflict
音效/[Tonsturm]01 Breaking Glass/TONSTURM_01_Breaking_Glass_Decoded_MS_to_LR_192kHz/Int 33 Glass Debris Friction Crackle Fine LR.wav,01_商业音效包/[Tonsturm]01 Breaking Glass/TONSTURM_01_Breaking_Glass_Decoded_MS_to_LR_192kHz/Int 33 Glass Debris Friction Crackle Fine LR.wav,conflict
音效/[Tonsturm]01 Breaking Glass/TONSTURM_01_Breaking_Glass_Decoded_MS_to_LR_96kHz/Int 18 Small Glass Pane Hit Hammer 02 LR.wav,01_商业音效包/[Tonsturm]01 Breaking Glass/TONSTURM_01_Breaking_Glass_Decoded_MS_to_LR_96kHz/Int 18 Small Glass Pane Hit Hammer 02 LR.wav,conflict
音效/[Tonsturm]01 Breaking Glass/TONSTURM_01_Breaking_Glass_MS_192kHz/Int 32 Glass Debris Friction Crackle 02 MS.wav,01_商业音效包/[Tonsturm]01 Breaking Glass/TONSTURM_01_Breaking_Glass_MS_192kHz/Int 32 Glass Debris Friction Crackle 02 MS.wav,conflict
音效/[WHO03]/EvilWhoosh3 WHOO3_27_3.wav,01_商业音效包/[WHO03]/EvilWhoosh3 WHOO3_27_3.wav,conflict
音效/[WHO03]/SoftDullWhoosh WHOO3_08_5.wav,01_商业音效包/[WHO03]/SoftDullWhoosh WHOO3_08_5.wav,conflict
音效/[WHO03]/SpiritWhoosh2 WHOO3_26_2.wav,01_商业音效包/[WHO03]/SpiritWhoosh2 WHOO3_26_2.wav,conflict
音效/[WHO05]/ColdDarkWind WHO05_31_7.wav,01_商业音效包/[WHO05]/ColdDarkWind WHO05_31_7.wav,conflict
音效/[WHO05]/EvilHissingGrowl WHO05_39_6.wav,01_商业音效包/[WHO05]/EvilHissingGrowl WHO05_39_6.wav,conflict
音效/[WHO05]/ScreechyMoan WHO05_37_4.wav,01_商业音效包/[WHO05]/ScreechyMoan WHO05_37_4.wav,conflict
音效/[WHO05]/SpaceVacuumSweep WHO05_73_2.wav,01_商业音效包/[WHO05]/SpaceVacuumSweep WHO05_73_2.wav,conflict
音效/[WHO05]/SpiritHiss3 WHO05_36_4.wav,01_商业音效包/[WHO05]/SpiritHiss3 WHO05_36_4.wav,conflict
音效/[WHO05]/SpiritHiss4 WHO05_36_5.wav,01_商业音效包/[WHO05]/SpiritHiss4 WHO05_36_5.wav,conflict
音效/[WHOBonus]/RaspyExhale_Bonus 86.wav,01_商业音效包/[WHOBonus]/RaspyExhale_Bonus 86.wav,conflict
音效/音效素材1/动物/动物/LION1.WAV,02_中文音效合集/音效素材1/动物/LION1.WAV,conflict
音效/音效素材1/动物/动物/LION4.WAV,02_中文音效合集/音效素材1/动物/LION4.WAV,conflict
预告/Sound Morph - Sinematic/18. Source Recordings Whoosh/Sinematic - Source Recordings - Whoosh Bys - z Highway Pass_07.wav,03_项目素材/预告/Sound Morph - Sinematic/18. Source Recordings Whoosh/Sinematic - Source Recordings - Whoosh Bys - z Highway Pass_07.wav,conflict
预告/Sound Morph - Sinematic/6. Risers/Sinematic - Risers_05.wav,03_项目素材/预告/Sound Morph - Sinematic/6. Risers/Sinematic - Risers_05.wav,conflict
