sib	item	bucket	status
音乐&音效库	190512-03打斗音效	02_中文音效合集	ok
音乐&音效库	Mechanicals 工业机械精密金属齿轮滚动滑动弹簧旋转	01_商业音效包	ok
音乐&音效库	Medieval Weapons Bindle 中世纪武器音效	01_商业音效包	ok
音乐&音效库	大气危险紧张金属撞击冲击电影气氛渲染无损音效	01_商业音效包	ok
音乐&音效库	大气深沉1【音效：大气转场撞击重低音气氛无损音效素材包】	02_中文音效合集	ok
音乐&音效库	大气深沉2【音效：紧张气氛片头转场渲染无损音效素材包】	02_中文音效合集	ok
音乐&音效库	大气深沉3【音效：低音节奏感紧张气氛渲染无损音效素材包】	02_中文音效合集	ok
音乐&音效库	大气深沉4【优雅舒缓大气深沉叙事纪录婚礼电影广告环境配乐背景音乐】	02_中文音效合集	ok
音乐&音效库	大气深沉5【音效：大气深沉浑厚有力重低音环境气氛微电影抖音渲染音效】	02_中文音效合集	ok
音乐&音效库	大气深沉6【大气深沉剧情叙事环境气氛渲染配乐背景音乐】	02_中文音效合集	ok
音乐&音效库	转场音效	02_中文音效合集	ok
音乐&音效库	转场音效-329个常用呼嘣哄唰嗖啾咻视频转场音效微电影抖音素材	02_中文音效合集	ok
音乐&音效库	190606-06AG【AudioJungle宣传包装配乐AE模板背景音乐合集完整67G】	04_音乐	ok
音乐&音效库	Multiply Sound@影采	04_音乐	ok
音库	Brand X Music	04_音乐	ok
音库	原声ost	04_音乐	ok
